Workbook

Sheet Task 1 - Bubble Sort
B2: Detecting Models
B3: ChatGPT-4o | F3: Gemini 2.5 Pro | J3: Claude Sonnet 4 | N3: Mistral Le Chat | R3: Perplexity | V3: DeepSeek V3 | Z3: Llama-4-Scout-nitro | AD3: Grok-3 | AH3: Qwen3-235b-a22b | AL3: Falcon-H1-3B-Instruct
A4: Generating Models | B4: Min Percent | C4: Max Percent | D4: Avg. Percent | E4: Suggested Models | F4: Min Percent | G4: Max Percent | H4: Avg. Percent | I4: Suggested Models | J4: Min Percent | K4: Max Percent | L4: Avg. Percent | M4: Suggested Models | N4: Min Percent | O4: Max Percent | P4: Avg. Percent | Q4: Suggested Models | R4: Min Percent | S4: Max Percent | T4: Avg. Percent | U4: Suggested Models | V4: Min Percent | W4: Max Percent | X4: Avg. Percent | Y4: Suggested Models | Z4: Min Percent | AA4: Max Percent | AB4: Avg. Percent | AC4: Suggested Models | AD4: Min Percent | AE4: Max Percent | AF4: Avg. Percent | AG4: Suggested Models | AH4: Min Percent | AI4: Max Percent | AJ4: Avg. Percent | AK4: Suggested Models | AL4: Min Percent | AM4: Max Percent | AN4: Avg. Percent | AO4: Suggested Models | AR4: Model | AS4: Ability to detect | AT4: Ability to be detected
A5: ChatGPT-4o | B5: 90 | C5: 95 | D5: =AVERAGE(B5:C5) -> 92.5 | E5: GPT-4, GPT-4o, GitHub Copilot, Gemini | H5: 100 | I5: Gemini, GPT-4 and later, Claude 3 | J5: 95 | K5: 98 | L5: =AVERAGE(J5:K5) -> 96.5 | M5: GPT-3.5 or GPT-4 | Q5: GPT-3 or GPT-4 | R5: 90 | S5: 100 | T5: 95 | U5: GPT-3.5 or GPT-4 | X5: 100 | Y5: GPT-4 | AB5: 80 | AC5: GPT-3 | AF5: 100 | AG5: GPT-4 or earlier or Grok (xAI) | AJ5: 100 | AK5: GPT-3.5 or GPT-4 | AN5: 0 | AO5: NA | AR5: ChatGPT-4o | AS5: 98.1 | AT5: =AVERAGE(D5,H5,L5,T5,X5,AB5,AF5,AJ5,AN5) -> 84.888889
A6: Gemini 2.5 Pro | B6: 98 | C6: 100 | D6: =AVERAGE(B6:C6) -> 99 | E6: GPT-4 or GPT-4o | H6: 100 | I6: Gemini, SGE | J6: 90 | K6: 95 | L6: =AVERAGE(J6:K6) -> 92.5 | M6: GPT-4 or Claude | Q6: GPT-3 or GPT-4 | R6: 90 | S6: 100 | T6: 95 | U6: GPT-3.5 or GPT-4 | V6: 80 | W6: 90 | X6: 85 | Y6: GPT-4 | AB6: 90 | AC6: GPT-3, LLaMA | AF6: 100 | AG6: GPT-4 or earlier or Grok (xAI) | AJ6: 100 | AK6: GPT-3.5 or GPT-4 | AN6: 0 | AO6: NA | AR6: Gemini 2.5 Pro | AS6: 90 | AT6: =AVERAGE(D6,H6,L6,T6,X6,AB6,AF6,AJ6,AN6) -> 84.611111
A7: Claude Sonnet 4 | B7: 98 | C7: 100 | D7: =AVERAGE(B7:C7) -> 99 | E7: GPT-4 or GPT-4o | H7: 100 | I7: Gemini, GPT-4 and later, Claude 3 | J7: 15 | K7: 25 | L7: =AVERAGE(J7:K7) -> 20 | M7: GPT-4 | Q7: GPT-3 or GPT-4 | R7: 90 | S7: 100 | T7: 95 | U7: GPT-3.5 or GPT-4 | X7: 100 | Y7: GPT-4 | AB7: 85 | AC7: GPT-3, LLaMA | AF7: 100 | AG7: GPT-4 or earlier or Grok (xAI) | AJ7: 100 | AK7: GPT-3.5 or GPT-4 | AN7: 0 | AO7: NA | AR7: Claude Sonnet 4 | AS7: 77.05 | AT7: =AVERAGE(D7,H7,L7,T7,X7,AB7,AF7,AJ7,AN7) -> 77.666667
A8: Mistral Le Chat | B8: 98 | C8: 100 | D8: =AVERAGE(B8:C8) -> 99 | E8: GPT-4 or GPT-4o | H8: 100 | I8: Gemini, GPT-4 and later, Claude 3 | J8: 85 | K8: 90 | L8: =AVERAGE(J8:K8) -> 87.5 | M8: GPT-3.5 or GPT-4 | Q8: GPT-3 or GPT-4 | R8: 90 | S8: 100 | T8: 95 | U8: GPT-3.5 or GPT-4 | X8: 100 | Y8: GPT-4 | AB8: 95 | AC8: GPT-3, LLaMA | AF8: 100 | AG8: GPT-4 or earlier or Grok (xAI) | AH8: 85 | AI8: 90 | AJ8: =AVERAGE(AH8:AI8) -> 87.5 | AK8: GPT-3.5 or GPT-4 | AN8: 0 | AO8: NA | AR8: Mistral Le Chat | AT8: =AVERAGE(D8,H8,L8,T8,X8,AB8,AF8,AJ8,AN8) -> 84.888889
A9: Perplexity | B9: 95 | C9: 98 | D9: =AVERAGE(B9:C9) -> 96.5 | E9: GPT-4 or GPT-4o | H9: 100 | I9: Gemini, GPT-4 and later, Claude 3 | J9: 90 | K9: 95 | L9: =AVERAGE(J9:K9) -> 92.5 | M9: GPT-3.5 or GPT-4 | Q9: GPT-3 or GPT-4 | R9: 90 | S9: 100 | T9: 95 | U9: GPT-3.5 or GPT-4 | V9: 70 | W9: 80 | X9: 75 | Y9: GPT-4 | AB9: 90 | AC9: GPT-3, LLaMA | AF9: 100 | AG9: GPT-4 or earlier or Grok (xAI) | AH9: 90 | AI9: 95 | AJ9: =AVERAGE(AH9:AI9) -> 92.5 | AK9: GPT-3.5 or GPT-4 | AL9: 70 | AM9: 80 | AN9: =AVERAGE(AL9:AM9) -> 75 | AO9: GPT-3 or GPT-4 | AR9: Perplexity | AS9: 95 | AT9: =AVERAGE(D9,H9,L9,T9,X9,AB9,AF9,AJ9,AN9) -> 90.722222
A10: DeepSeek V3 | B10: 99 | C10: 100 | D10: =AVERAGE(B10:C10) -> 99.5 | E10: GPT-4 or GPT-4o | F10: 90 | G10: 100 | H10: =AVERAGE(F10:G10) -> 95 | I10: GPT-3.5, GPT-4, Gemini | J10: 90 | K10: 95 | L10: =AVERAGE(J10:K10) -> 92.5 | M10: GPT-4 | Q10: GPT-3 or GPT-4 | R10: 90 | S10: 100 | T10: 95 | U10: GPT-3.5 or GPT-4 | X10: 100 | Y10: GPT-3 or GPT-4 | AB10: 95 | AC10: GPT-3, LLaMA | AF10: 100 | AG10: GPT-4 or earlier or Grok (xAI) | AH10: 80 | AI10: 90 | AJ10: =AVERAGE(AH10:AI10) -> 85 | AK10: GPT-3, GPT-3.5, Llama 2, Llama 3 | AL10: 20 | AM10: 30 | AN10: =AVERAGE(AL10:AM10) -> 25 | AO10: GPT-3 or GPT-4 | AR10: DeepSeek V3 | AS10: 96 | AT10: =AVERAGE(D10,H10,L10,T10,X10,AB10,AF10,AJ10,AN10) -> 87.444444
A11: Llama-4-Scout-nitro | B11: 99 | C11: 100 | D11: =AVERAGE(B11:C11) -> 99.5 | E11: GPT-4 or GPT-4o | F11: 95 | G11: 100 | H11: =AVERAGE(F11:G11) -> 97.5 | I11: GPT-3.5, GPT-4, Gemini | J11: 95 | K11: 98 | L11: =AVERAGE(J11:K11) -> 96.5 | M11: GPT-4 | Q11: GPT-3 or GPT-4 | R11: 90 | S11: 100 | T11: 95 | U11: GPT-3.5 or GPT-4 | X11: 100 | Y11: GPT-3 or GPT-4 | AB11: 98 | AC11: GPT-3, LLaMA | AF11: 100 | AG11: GPT-4 or earlier or Grok (xAI) | AH11: 95 | AI11: 100 | AJ11: =AVERAGE(AH11:AI11) -> 97.5 | AK11: GPT-3, GPT-3.5, Llama 2/3, Claude 2/3 | AL11: 10 | AM11: 20 | AN11: =AVERAGE(AL11:AM11) -> 15 | AO11: GPT-3 or GPT-4 | AR11: Llama-4-Scout-nitro | AS11: 91 | AT11: =AVERAGE(D11,H11,L11,T11,X11,AB11,AF11,AJ11,AN11) -> 88.777778
A12: Grok-3 | B12: 95 | C12: 100 | D12: =AVERAGE(B12:C12) -> 97.5 | E12: GPT-4 or GPT-4o | F12: 10 | G12: 30 | H12: =AVERAGE(F12:G12) -> 20 | I12: GPT-4 or Gemini | J12: 10 | K12: 15 | L12: =AVERAGE(J12:K12) -> 12.5 | M12: NA | Q12: GPT-3 or GPT-4 | R12: 90 | S12: 100 | T12: 95 | U12: GPT-3.5 or GPT-4, Claude | X12: 100 | Y12: GPT-3 or GPT-4 | AB12: 90 | AC12: GPT-3, LLaMA | AF12: 80 | AG12: GPT-4 or earlier or Grok (xAI) | AH12: 95 | AI12: 100 | AJ12: =AVERAGE(AH12:AI12) -> 97.5 | AK12: GPT-3, GPT-3.5, Llama 2/3, Claude 2/3 | AL12: 10 | AM12: 15 | AN12: =AVERAGE(AL12:AM12) -> 12.5 | AO12: GPT-3 or GPT-4 | AR12: Grok-3 | AS12: 96 | AT12: =AVERAGE(D12,H12,L12,T12,X12,AB12,AF12,AJ12,AN12) -> 67.222222
A13: Qwen3-235b-a22b | B13: 99 | C13: 100 | D13: =AVERAGE(B13:C13) -> 99.5 | E13: GPT-4 or GPT-4o | F13: 95 | G13: 100 | H13: =AVERAGE(F13:G13) -> 97.5 | I13: GPT-3.5, GPT-4, Gemini | J13: 90 | K13: 95 | L13: =AVERAGE(J13:K13) -> 92.5 | M13: GPT-4 | Q13: GPT-3 or GPT-4 | R13: 90 | S13: 100 | T13: 95 | U13: GPT-3.5 or GPT-4, Claude | X13: 100 | Y13: GPT-3 or GPT-4 | AB13: 95 | AC13: GPT-3, LLaMA | AF13: 100 | AG13: GPT-4 or earlier or Grok (xAI) | AH13: 95 | AI13: 100 | AJ13: =AVERAGE(AH13:AI13) -> 97.5 | AK13: GPT-3.5, GPT-4, Llama 3, or Claude 3 | AL13: 5 | AM13: 10 | AN13: =AVERAGE(AL13:AM13) -> 7.5 | AO13: GPT-3 or GPT-4 | AR13: Qwen3-235b-a22b | AS13: 95.5 | AT13: =AVERAGE(D13,H13,L13,T13,X13,AB13,AF13,AJ13,AN13) -> 87.166667
A14: Falcon-H1-3B-Instruct | B14: 98 | C14: 100 | D14: =AVERAGE(B14:C14) -> 99 | E14: GPT-4 or GPT-4o | F14: 85 | G14: 95 | H14: =AVERAGE(F14:G14) -> 90 | I14: Gemini, GPT-4 and later, Claude 3 | J14: 85 | K14: 90 | L14: =AVERAGE(J14:K14) -> 87.5 | M14: GPT-3.5 or GPT-4 | Q14: GPT-3 or GPT-4 | R14: 90 | S14: 100 | T14: 95 | U14: GPT-3.5 or GPT-4, Claude | X14: 100 | Y14: GPT-3 or GPT-4 | AB14: 92 | AC14: GPT-3, LLaMA | AF14: 80 | AG14: GPT-4 or earlier or Grok (xAI) | AH14: 95 | AI14: 100 | AJ14: =AVERAGE(AH14:AI14) -> 97.5 | AK14: GPT-3.5, GPT-4, Llama 3, or Claude 3 | AL14: 5 | AM14: 10 | AN14: =AVERAGE(AL14:AM14) -> 7.5 | AO14: GPT-3 or GPT-4 | AR14: Falcon-H1-3B-Instruct | AS14: 14.25 | AT14: =AVERAGE(D14,H14,L14,T14,X14,AB14,AF14,AJ14,AN14) -> 83.166667
A15: Mean | D15: =AVERAGE(D5:D14) -> 98.1 | H15: =AVERAGE(H5:H14) -> 90 | L15: =AVERAGE(L5:L14) -> 77.05 | T15: =AVERAGE(T5:T14) -> 95 | X15: =AVERAGE(X5:X14) -> 96 | AB15: =AVERAGE(AB5:AB14) -> 91 | AF15: =AVERAGE(AF5:AF14) -> 96 | AJ15: =AVERAGE(AJ5:AJ14) -> 95.5 | AN15: =AVERAGE(AN5:AN14) -> 14.25
AR25: Model | AS25: Ability to detect
AR26: Falcon-H1-3B-Instruct | AS26: 14.25
AR27: Claude Sonnet 4 | AS27: 77.05
AR28: Gemini 2.5 Pro | AS28: 90
AR29: Llama-4-Scout-nitro | AS29: 91
AR30: Perplexity | AS30: 95
AR31: Qwen3-235b-a22b | AS31: 95.5
AR32: DeepSeek V3 | AS32: 96
AR33: Grok-3 | AS33: 96
AR34: ChatGPT-4o | AS34: 98.1
AR35: Mistral Le Chat
AR39: Model | AS39: Ability to be detected
AR40: Grok-3 | AS40: 67.222222
AR41: Claude Sonnet 4 | AS41: 77.666667
AR42: Falcon-H1-3B-Instruct | AS42: 83.166667
AR43: Gemini 2.5 Pro | AS43: 84.611111
AR44: ChatGPT-4o | AS44: 84.888889
AR45: Mistral Le Chat | AS45: 84.888889
AR46: Qwen3-235b-a22b | AS46: 87.166667
AR47: DeepSeek V3 | AS47: 87.444444
AR48: Llama-4-Scout-nitro | AS48: 88.777778
AR49: Perplexity | AS49: 90.722222

Sheet Task 2 - CLA
B2: Detecting Models
B3: ChatGPT-4o | F3: Gemini 2.5 Pro | J3: Claude Sonnet 4 | N3: Mistral Le Chat | R3: Perplexity | V3: DeepSeek V3 | Z3: Llama-4-Scout-nitro | AD3: Grok-3 | AH3: Qwen3-235b-a22b | AL3: Falcon-H1-3B-Instruct
A4: Generating Models | B4: Min Percent | C4: Max Percent | D4: Avg. Percent | E4: Suggested Models | F4: Min Percent | G4: Max Percent | H4: Avg. Percent | I4: Suggested Models | J4: Min Percent | K4: Max Percent | L4: Avg. Percent | M4: Suggested Models | N4: Min Percent | O4: Max Percent | P4: Avg. Percent | Q4: Suggested Models | R4: Min Percent | S4: Max Percent | T4: Avg. Percent | U4: Suggested Models | V4: Min Percent | W4: Max Percent | X4: Avg. Percent | Y4: Suggested Models | Z4: Min Percent | AA4: Max Percent | AB4: Avg. Percent | AC4: Suggested Models | AD4: Min Percent | AE4: Max Percent | AF4: Avg. Percent | AG4: Suggested Models | AH4: Min Percent | AI4: Max Percent | AJ4: Avg. Percent | AK4: Suggested Models | AL4: Min Percent | AM4: Max Percent | AN4: Avg. Percent | AO4: Suggested Models | AR4: Model | AS4: Ability to detect | AT4: Ability to be detected
A5: ChatGPT-4o | B5: 90 | C5: 95 | D5: =AVERAGE(B5:C5) -> 92.5 | E5: GPT-4, GPT-4o, Claude 3, Gemini 1.5 | H5: 100 | I5: GPT-3.5, GPT-4, PaLM 2, Gemini | J5: 85 | K5: 90 | L5: =AVERAGE(J5:K5) -> 87.5 | M5: GPT-3.5, GPT-4 | Q5: GPT-4 | T5: 70 | U5: GPT-3, GPT-4, Claude | X5: 100 | Y5: GPT-4 | AB5: 30 | AC5: LLaMA, BLOOM | AD5: 70 | AE5: 80 | AF5: =AVERAGE(AD5:AE5) -> 75 | AG5: Claude, GPT-4 | AH5: 95 | AI5: 100 | AJ5: =AVERAGE(AH5:AI5) -> 97.5 | AK5: GPT-3.5, GPT-4, Llama 3, Claude 3 | AN5: 0 | AO5: NA | AR5: ChatGPT-4o | AS5: =D15 -> 96.5 | AT5: =AVERAGE(D5,H5,L5,T5,X5,AB5,AF5,AJ5,AN5) -> 72.5
A6: Gemini 2.5 Pro | B6: 95 | C6: 100 | D6: =AVERAGE(B6:C6) -> 97.5 | E6: GPT-4, Claude 3, Gemini 1.5 | H6: 100 | I6: GPT-4, Gemini | J6: 95 | K6: 98 | L6: =AVERAGE(J6:K6) -> 96.5 | M6: Perplexity AI | Q6: GPT-4 | T6: 50 | U6: GPT-3.5, GPT-4 | X6: 100 | Y6: GPT-4 | AB6: 60 | AC6: T5, BART | AD6: 80 | AE6: 90 | AF6: =AVERAGE(AD6:AE6) -> 85 | AG6: Claude, GPT-4 | AH6: 95 | AI6: 100 | AJ6: =AVERAGE(AH6:AI6) -> 97.5 | AK6: GPT-3.5, GPT-4, Llama 3, Claude 3 | AN6: 0 | AO6: NA | AR6: Gemini 2.5 Pro | AS6: =H15 -> 100 | AT6: =AVERAGE(D6,H6,L6,T6,X6,AB6,AF6,AJ6,AN6) -> 76.277778
A7: Claude Sonnet 4 | B7: 95 | C7: 100 | D7: =AVERAGE(B7:C7) -> 97.5 | E7: GPT-4, Claude 3 | H7: 100 | I7: GPT-3.5, GPT-4, Gemini | J7: 90 | K7: 95 | L7: =AVERAGE(J7:K7) -> 92.5 | M7: GPT-4, Claude | Q7: GPT-4 | T7: 65 | U7: GPT-3, GPT-4, Claude, Gemini | X7: 100 | Y7: GPT-4 | AB7: 40 | AC7: LLaMA, T5 | AD7: 60 | AE7: 70 | AF7: =AVERAGE(AD7:AE7) -> 65 | AG7: Claude, GPT-4 | AH7: 95 | AI7: 100 | AJ7: =AVERAGE(AH7:AI7) -> 97.5 | AK7: GPT-3.5, GPT-4, Llama 3, Claude 3 | AN7: 0 | AO7: NA | AR7: Claude Sonnet 4 | AS7: =L15 -> 92.7 | AT7: =AVERAGE(D7,H7,L7,T7,X7,AB7,AF7,AJ7,AN7) -> 73.055556
A8: Mistral Le Chat | B8: 90 | C8: 95 | D8: =AVERAGE(B8:C8) -> 92.5 | E8: GPT-4, Claude 3 | H8: 100 | I8: GPT-4, Gemini | J8: 95 | K8: 98 | L8: =AVERAGE(J8:K8) -> 96.5 | M8: GPT-3.5, GPT-4 | Q8: GPT-4 | T8: 70 | U8: GPT-3, GPT-4, Claude, Gemini | X8: 100 | Y8: GPT-4 | AB8: 80 | AC8: T5, BART | AD8: 65 | AE8: 75 | AF8: =AVERAGE(AD8:AE8) -> 70 | AG8: Claude, GPT-4 | AH8: 95 | AI8: 100 | AJ8: =AVERAGE(AH8:AI8) -> 97.5 | AK8: GPT-3.5, GPT-4, Llama 3, Claude 3 | AN8: 0 | AO8: NA | AR8: Mistral Le Chat | AT8: =AVERAGE(D8,H8,L8,T8,X8,AB8,AF8,AJ8,AN8) -> 78.5
A9: Perplexity | B9: 95 | C9: 100 | D9: =AVERAGE(B9:C9) -> 97.5 | E9: GPT-4 | H9: 100 | I9: GPT-3.5, GPT-4, Gemini | J9: 85 | K9: 90 | L9: =AVERAGE(J9:K9) -> 87.5 | M9: GPT-4, Claude | Q9: GPT-4 | T9: 70 | U9: GPT-3.5, GPT-4 | X9: 100 | Y9: GPT-4 | AB9: 20 | AC9: NA | AD9: 70 | AE9: 80 | AF9: =AVERAGE(AD9:AE9) -> 75 | AG9: Claude, GPT-4 | AH9: 95 | AI9: 100 | AJ9: =AVERAGE(AH9:AI9) -> 97.5 | AK9: GPT-3.5, GPT-4, Llama 3, Claude 3 | AN9: 0 | AO9: NA | AR9: Perplexity | AS9: =T15 -> 68.5 | AT9: =AVERAGE(D9,H9,L9,T9,X9,AB9,AF9,AJ9,AN9) -> 71.944444
A10: DeepSeek V3 | B10: 95 | C10: 100 | D10: =AVERAGE(B10:C10) -> 97.5 | E10: GPT-4 | H10: 100 | I10: GPT-4, Gemini | J10: 95 | K10: 98 | L10: =AVERAGE(J10:K10) -> 96.5 | M10: GPT-4 | Q10: GPT-4 | T10: 70 | U10: GPT-4 | X10: 100 | Y10: GPT-4 | AB10: 90 | AC10: T5, BART | AD10: 80 | AE10: 90 | AF10: =AVERAGE(AD10:AE10) -> 85 | AG10: Claude, GPT-4 | AJ10: 100 | AK10: GPT-4 | AN10: 0 | AO10: NA | AR10: DeepSeek V3 | AS10: =X15 -> 100 | AT10: =AVERAGE(D10,H10,L10,T10,X10,AB10,AF10,AJ10,AN10) -> 82.111111
A11: Llama-4-Scout-nitro | B11: 95 | C11: 100 | D11: =AVERAGE(B11:C11) -> 97.5 | E11: GPT-4 | H11: 100 | I11: GPT-4, Gemini | J11: 90 | K11: 95 | L11: =AVERAGE(J11:K11) -> 92.5 | M11: GPT-4 | Q11: GPT-4 | T11: 70 | U11: GPT-4 | X11: 100 | Y11: GPT-4 | AB11: 70 | AC11: T5, BART | AD11: 90 | AE11: 95 | AF11: =AVERAGE(AD11:AE11) -> 92.5 | AG11: Claude, GPT-4 | AJ11: 100 | AK11: GPT-4 | AN11: 0 | AO11: NA | AR11: Llama-4-Scout-nitro | AS11: =AB15 -> 59 | AT11: =AVERAGE(D11,H11,L11,T11,X11,AB11,AF11,AJ11,AN11) -> 80.277778
A12: Grok-3 | B12: 95 | C12: 100 | D12: =AVERAGE(B12:C12) -> 97.5 | E12: GPT-4 | H12: 100 | I12: GPT-4, Gemini | J12: 85 | K12: 90 | L12: =AVERAGE(J12:K12) -> 87.5 | M12: GPT-4 | Q12: GPT-4 | T12: 70 | U12: GPT-4 | X12: 100 | Y12: GPT-4 | AB12: 30 | AC12: NA | AD12: 75 | AE12: 85 | AF12: =AVERAGE(AD12:AE12) -> 80 | AG12: Claude, GPT-4 | AJ12: 100 | AK12: GPT-4 | AN12: 0 | AO12: NA | AR12: Grok-3 | AS12: =AF15 -> 79.25 | AT12: =AVERAGE(D12,H12,L12,T12,X12,AB12,AF12,AJ12,AN12) -> 73.888889
A13: Qwen3-235b-a22b | B13: 95 | C13: 100 | D13: =AVERAGE(B13:C13) -> 97.5 | E13: GPT-4 | H13: 100 | I13: GPT-4, Gemini | J13: 95 | K13: 98 | L13: =AVERAGE(J13:K13) -> 96.5 | M13: GPT-4 | Q13: GPT-4 | R13: 70 | S13: 80 | T13: =AVERAGE(R13:S13) -> 75 | U13: GPT-4 | X13: 100 | Y13: GPT-4 | AB13: 90 | AC13: LLaMA, BLOOM, BERT | AD13: 80 | AE13: 90 | AF13: =AVERAGE(AD13:AE13) -> 85 | AG13: Claude, GPT-4 | AJ13: 100 | AK13: GPT-4 | AN13: 0 | AO13: NA | AR13: Qwen3-235b-a22b | AS13: =AJ15 -> 98.75 | AT13: =AVERAGE(D13,H13,L13,T13,X13,AB13,AF13,AJ13,AN13) -> 82.666667
A14: Falcon-H1-3B-Instruct | B14: 95 | C14: 100 | D14: =AVERAGE(B14:C14) -> 97.5 | E14: GPT-4 | H14: 100 | I14: GPT-3.5, GPT-4, Gemini | J14: 92 | K14: 95 | L14: =AVERAGE(J14:K14) -> 93.5 | M14: GPT-4 | Q14: GPT-4 | R14: 70 | S14: 80 | T14: =AVERAGE(R14:S14) -> 75 | U14: GPT-4 | X14: 100 | Y14: GPT-4 | AB14: 80 | AC14: LLaMA, BLOOM, BERT | AD14: 75 | AE14: 85 | AF14: =AVERAGE(AD14:AE14) -> 80 | AG14: Claude, GPT-4 | AJ14: 100 | AK14: GPT-4 | AN14: 0 | AO14: NA | AR14: Falcon-H1-3B-Instruct | AS14: =AN15 -> 0 | AT14: =AVERAGE(D14,H14,L14,T14,X14,AB14,AF14,AJ14,AN14) -> 80.666667
A15: Mean | D15: =AVERAGE(D5:D14) -> 96.5 | H15: =AVERAGE(H5:H14) -> 100 | L15: =AVERAGE(L5:L14) -> 92.7 | T15: =AVERAGE(T5:T14) -> 68.5 | X15: =AVERAGE(X5:X14) -> 100 | AB15: =AVERAGE(AB5:AB14) -> 59 | AF15: =AVERAGE(AF5:AF14) -> 79.25 | AJ15: =AVERAGE(AJ5:AJ14) -> 98.75 | AN15: =AVERAGE(AN5:AN14) -> 0
AR25: Model | AS25: Ability to detect
AR26: Falcon-H1-3B-Instruct | AS26: 0
AR27: Llama-4-Scout-nitro | AS27: 59
AR28: Perplexity | AS28: 68.5
AR29: Grok-3 | AS29: 79.25
AR30: Claude Sonnet 4 | AS30: 92.7
AR31: ChatGPT-4o | AS31: 96.5
AR32: Qwen3-235b-a22b | AS32: 98.75
AR33: Gemini 2.5 Pro | AS33: 100
AR34: DeepSeek V3 | AS34: 100
AR35: Mistral Le Chat
AR39: Model | AS39: Ability to be detected
AR40: Perplexity | AS40: 71.944444
AR41: ChatGPT-4o | AS41: 72.5
AR42: Claude Sonnet 4 | AS42: 73.055556
AR43: Grok-3 | AS43: 73.888889
AR44: Gemini 2.5 Pro | AS44: 76.277778
AR45: Mistral Le Chat | AS45: 78.5
AR46: Llama-4-Scout-nitro | AS46: 80.277778
AR47: Falcon-H1-3B-Instruct | AS47: 80.666667
AR48: DeepSeek V3 | AS48: 82.111111
AR49: Qwen3-235b-a22b | AS49: 82.666667

Sheet Task-3 FSM
B2: Detecting Models
B3: ChatGPT-4o | F3: Gemini 2.5 Pro | J3: Claude Sonnet 4 | N3: Mistral Le Chat | R3: Perplexity | V3: DeepSeek V3 | Z3: Llama-4-Scout-nitro | AD3: Grok-3 | AH3: Qwen3-235b-a22b | AL3: Falcon-H1-3B-Instruct
A4: Generating Models | B4: Min Percent | C4: Max Percent | D4: Avg. Percent | E4: Suggested Models | F4: Min Percent | G4: Max Percent | H4: Avg. Percent | I4: Suggested Models | J4: Min Percent | K4: Max Percent | L4: Avg. Percent | M4: Suggested Models | N4: Min Percent | O4: Max Percent | P4: Avg. Percent | Q4: Suggested Models | R4: Min Percent | S4: Max Percent | T4: Avg. Percent | U4: Suggested Models | V4: Min Percent | W4: Max Percent | X4: Avg. Percent | Y4: Suggested Models | Z4: Min Percent | AA4: Max Percent | AB4: Avg. Percent | AC4: Suggested Models | AD4: Min Percent | AE4: Max Percent | AF4: Avg. Percent | AG4: Suggested Models | AH4: Min Percent | AI4: Max Percent | AJ4: Avg. Percent | AK4: Suggested Models | AL4: Min Percent | AM4: Max Percent | AN4: Avg. Percent | AO4: Suggested Models | AR4: Model | AS4: Ability to detect | AT4: Ability to be detected
A5: ChatGPT-4o | B5: 85 | C5: 95 | D5: =AVERAGE(B5:C5) -> 90 | E5: GPT-3.5, GPT-4 | H5: 100 | I5: GPT-4, Gemini, Llama | J5: 85 | K5: 90 | L5: =AVERAGE(J5:K5) -> 87.5 | M5: GPT-3.5, GPT-4 | Q5: Mistral Le Chat | R5: 95 | S5: 100 | T5: =AVERAGE(R5:S5) -> 97.5 | U5: GPT-4, Claude 2/3 | X5: 100 | Y5: GPT-4 | AB5: 80 | AC5: BERT, RoBERTa | AF5: 70 | AG5: Claude | AH5: 95 | AI5: 100 | AJ5: =AVERAGE(AH5:AI5) -> 97.5 | AK5: GPT-3.5, GPT-4 | AN5: 0 | AO5: NA | AR5: ChatGPT-4o | AS5: =D15 -> 91 | AT5: =AVERAGE(D5,H5,L5,T5,X5,AB5,AF5,AJ5,AN5) -> 80.277778
A6: Gemini 2.5 Pro | B6: 90 | C6: 95 | D6: =AVERAGE(B6:C6) -> 92.5 | E6: GPT-3.5, GPT-4 | H6: 100 | I6: GPT-4, Gemini | J6: 15 | K6: 20 | L6: =AVERAGE(J6:K6) -> 17.5 | M6: NA | Q6: Human | R6: 95 | S6: 100 | T6: =AVERAGE(R6:S6) -> 97.5 | U6: GPT-4, Claude | X6: 100 | Y6: GPT-4 | AB6: 90 | AC6: BERT, RoBERTa | AF6: 80 | AG6: Claude, GPT-4 | AH6: 90 | AI6: 95 | AJ6: =AVERAGE(AH6:AI6) -> 92.5 | AK6: GPT-3.5 or GPT-4, Gemini 1.0, 1.5, Llama 3 | AN6: 20 | AO6: GPT-4 | AR6: Gemini 2.5 Pro | AS6: =H15 -> 100 | AT6: =AVERAGE(D6,H6,L6,T6,X6,AB6,AF6,AJ6,AN6) -> 76.666667
A7: Claude Sonnet 4 | B7: 85 | C7: 95 | D7: =AVERAGE(B7:C7) -> 90 | E7: GPT-3.5, GPT-4 | H7: 100 | I7: GPT-4, Gemini | J7: 75 | K7: 80 | L7: =AVERAGE(J7:K7) -> 77.5 | M7: GPT-4, Claude, Gemini | Q7: Mistral Le Chat | R7: 90 | S7: 100 | T7: =AVERAGE(R7:S7) -> 95 | U7: GPT-4, Claude | X7: 100 | Y7: GPT-4 | AB7: 85 | AC7: BERT, RoBERTa | AF7: 75 | AG7: Claude, GPT-4 | AJ7: 100 | AK7: GPT-3.5 or GPT-4, Gemini 1.0, 1.5, Llama 3 | AN7: 100 | AO7: GPT-4 | AR7: Claude Sonnet 4 | AS7: =L15 -> 67 | AT7: =AVERAGE(D7,H7,L7,T7,X7,AB7,AF7,AJ7,AN7) -> 91.388889
A8: Mistral Le Chat | B8: 85 | C8: 95 | D8: =AVERAGE(B8:C8) -> 90 | E8: GPT-3.5, GPT-4 | H8: 100 | I8: GPT-4, Gemini | J8: 90 | K8: 95 | L8: =AVERAGE(J8:K8) -> 92.5 | M8: GPT-3.5, GPT-4 | Q8: Mistral Le Chat | R8: 90 | S8: 100 | T8: =AVERAGE(R8:S8) -> 95 | U8: GPT-4, Claude 3 | X8: 100 | Y8: GPT-4 | AB8: 95 | AC8: BERT, RoBERTa | AF8: 85 | AG8: Claude, GPT-4 | AJ8: 100 | AK8: GPT-3.5 or GPT-4, Gemini 1.0, 1.5, Llama 3 | AN8: 100 | AO8: GPT-4 | AR8: Mistral Le Chat | AT8: =AVERAGE(D8,H8,L8,T8,X8,AB8,AF8,AJ8,AN8) -> 95.277778
A9: Perplexity | B9: 85 | C9: 95 | D9: =AVERAGE(B9:C9) -> 90 | E9: GPT-3.5, GPT-4 | H9: 100 | I9: GPT-4, Gemini | J9: 25 | K9: 30 | L9: =AVERAGE(J9:K9) -> 27.5 | M9: NA | Q9: Mistral Le Chat | T9: 95 | U9: GPT-4, Claude 3 | X9: 100 | Y9: GPT-4 | AB9: 90 | AC9: BERT, RoBERTa | AF9: 80 | AG9: Claude, GPT-4 | AJ9: 100 | AK9: GPT-3.5 or GPT-4, Gemini 1.0, 1.5, Llama 3 | AN9: 100 | AO9: GPT-4 | AR9: Perplexity | AS9: =T15 -> 95.5 | AT9: =AVERAGE(D9,H9,L9,T9,X9,AB9,AF9,AJ9,AN9) -> 86.944444
A10: DeepSeek V3 | B10: 90 | C10: 95 | D10: =AVERAGE(B10:C10) -> 92.5 | E10: GPT-3.5, GPT-4 | H10: 100 | I10: GPT-4, Gemini | J10: 85 | K10: 90 | L10: =AVERAGE(J10:K10) -> 87.5 | M10: GPT-3.5, GPT-4 | Q10: Mistral Le Chat | R10: 90 | S10: 100 | T10: =AVERAGE(R10:S10) -> 95 | U10: GPT-4, Claude 3 | X10: 100 | Y10: GPT-4 | AB10: 92 | AC10: BERT, RoBERTa | AF10: 80 | AG10: Claude, GPT-4 | AJ10: 100 | AK10: GPT-3.5 or GPT-4, Gemini 1.0, 1.5, Llama 3 | AN10: 100 | AO10: GPT-4 | AR10: DeepSeek V3 | AS10: =X15 -> 100 | AT10: =AVERAGE(D10,H10,L10,T10,X10,AB10,AF10,AJ10,AN10) -> 94.111111
A11: Llama-4-Scout-nitro | B11: 90 | C11: 95 | D11: =AVERAGE(B11:C11) -> 92.5 | E11: GPT-3.5, GPT-4 | H11: 100 | I11: GPT-4, Gemini | J11: 90 | K11: 95 | L11: =AVERAGE(J11:K11) -> 92.5 | M11: GPT-4, Claude | Q11: Mistral Le Chat | R11: 90 | S11: 100 | T11: =AVERAGE(R11:S11) -> 95 | U11: GPT-4, Claude | X11: 100 | Y11: GPT-4 | AB11: 95 | AC11: BERT, RoBERTa | AF11: 85 | AG11: Claude, GPT-4 | AJ11: 100 | AK11: GPT-3.5 or GPT-4, Gemini 1.0, 1.5, Llama 3 | AN11: 100 | AO11: GPT-4 | AR11: Llama-4-Scout-nitro | AS11: =AB15 -> 88.2 | AT11: =AVERAGE(D11,H11,L11,T11,X11,AB11,AF11,AJ11,AN11) -> 95.555556
A12: Grok-3 | B12: 85 | C12: 95 | D12: =AVERAGE(B12:C12) -> 90 | E12: GPT-3.5, GPT-4 | H12: 100 | I12: GPT-4, Gemini, Llama 3 | J12: 25 | K12: 30 | L12: =AVERAGE(J12:K12) -> 27.5 | M12: NA | Q12: Mistral Le Chat | R12: 90 | S12: 100 | T12: =AVERAGE(R12:S12) -> 95 | U12: GPT-4, Claude 3 | X12: 100 | Y12: GPT-4 | AB12: 80 | AC12: BERT, RoBERTa | AF12: 75 | AG12: Claude, GPT-4 | AJ12: 100 | AK12: GPT-3.5 or GPT-4, Gemini 1.0, 1.5, Llama 3 | AN12: 100 | AO12: GPT-4 | AR12: Grok-3 | AS12: =AF15 -> 79 | AT12: =AVERAGE(D12,H12,L12,T12,X12,AB12,AF12,AJ12,AN12) -> 85.277778
A13: Qwen3-235b-a22b | B13: 88 | C13: 95 | D13: =AVERAGE(B13:C13) -> 91.5 | E13: GPT-3.5, GPT-4 | H13: 100 | I13: GPT-4, Gemini, Llama 3 | J13: 80 | K13: 85 | L13: =AVERAGE(J13:K13) -> 82.5 | M13: GPT-4, Claude | Q13: Mistral Le Chat | R13: 90 | S13: 100 | T13: =AVERAGE(R13:S13) -> 95 | U13: GPT-4, Claude 3 | X13: 100 | Y13: GPT-4 | AB13: 85 | AC13: BERT, RoBERTa | AF13: 80 | AG13: Claude, GPT-4 | AJ13: 100 | AK13: GPT-3.5 or GPT-4, Gemini 1.0, 1.5, Llama 3 | AN13: 100 | AO13: GPT-4 | AR13: Qwen3-235b-a22b | AS13: =AJ15 -> 99 | AT13: =AVERAGE(D13,H13,L13,T13,X13,AB13,AF13,AJ13,AN13) -> 92.666667
A14: Falcon-H1-3B-Instruct | B14: 88 | C14: 94 | D14: =AVERAGE(B14:C14) -> 91 | E14: GPT-3.5, GPT-4 | H14: 100 | I14: GPT-4, Gemini | J14: 75 | K14: 80 | L14: =AVERAGE(J14:K14) -> 77.5 | M14: GPT-4, Claude | Q14: Mistral Le Chat | R14: 90 | S14: 100 | T14: =AVERAGE(R14:S14) -> 95 | U14: GPT-4, Claude 3 | X14: 100 | Y14: GPT-4 | AB14: 90 | AC14: BERT, RoBERTa | AF14: 80 | AG14: Claude, GPT-4 | AJ14: 100 | AK14: GPT-3.5 or GPT-4, Gemini 1.0, 1.5, Llama 3 | AN14: 70 | AO14: GPT-4 | AR14: Falcon-H1-3B-Instruct | AS14: =AN15 -> 79 | AT14: =AVERAGE(D14,H14,L14,T14,X14,AB14,AF14,AJ14,AN14) -> 89.277778
A15: Mean | D15: =AVERAGE(D5:D14) -> 91 | H15: =AVERAGE(H5:H14) -> 100 | L15: =AVERAGE(L5:L14) -> 67 | T15: =AVERAGE(T5:T14) -> 95.5 | X15: =AVERAGE(X5:X14) -> 100 | AB15: =AVERAGE(AB5:AB14) -> 88.2 | AF15: =AVERAGE(AF5:AF14) -> 79 | AJ15: =AVERAGE(AJ5:AJ14) -> 99 | AN15: =AVERAGE(AN5:AN14) -> 79
AR25: Model | AS25: Ability to detect
AR26: Claude Sonnet 4 | AS26: 67
AR27: Grok-3 | AS27: 79
AR28: Falcon-H1-3B-Instruct | AS28: 79
AR29: Llama-4-Scout-nitro | AS29: 88.2
AR30: ChatGPT-4o | AS30: 91
AR31: Perplexity | AS31: 95.5
AR32: Qwen3-235b-a22b | AS32: 99
AR33: Gemini 2.5 Pro | AS33: 100
AR34: DeepSeek V3 | AS34: 100
AR35: Mistral Le Chat
AR39: Model | AS39: Ability to be detected
AR40: Gemini 2.5 Pro | AS40: 76.666667
AR41: ChatGPT-4o | AS41: 80.277778
AR42: Grok-3 | AS42: 85.277778
AR43: Perplexity | AS43: 86.944444
AR44: Falcon-H1-3B-Instruct | AS44: 89.277778
AR45: Claude Sonnet 4 | AS45: 91.388889
AR46: Qwen3-235b-a22b | AS46: 92.666667
AR47: DeepSeek V3 | AS47: 94.111111
AR48: Mistral Le Chat | AS48: 95.277778
AR49: Llama-4-Scout-nitro | AS49: 95.555556

Sheet Task 4 - I2C
B2: Detecting Models
B3: ChatGPT-4o | F3: Gemini 2.5 Pro | J3: Claude Sonnet 4 | N3: Mistral Le Chat | R3: Perplexity | V3: DeepSeek V3 | Z3: Llama-4-Scout-nitro | AD3: Grok-3 | AH3: Qwen3-235b-a22b | AL3: Falcon-H1-3B-Instruct
A4: Generating Models | B4: Min Percent | C4: Max Percent | D4: Avg. Percent | E4: Suggested Models | F4: Min Percent | G4: Max Percent | H4: Avg. Percent | I4: Suggested Models | J4: Min Percent | K4: Max Percent | L4: Avg. Percent | M4: Suggested Models | N4: Min Percent | O4: Max Percent | P4: Avg. Percent | Q4: Suggested Models | R4: Min Percent | S4: Max Percent | T4: Avg. Percent | U4: Suggested Models | V4: Min Percent | W4: Max Percent | X4: Avg. Percent | Y4: Suggested Models | Z4: Min Percent | AA4: Max Percent | AB4: Avg. Percent | AC4: Suggested Models | AD4: Min Percent | AE4: Max Percent | AF4: Avg. Percent | AG4: Suggested Models | AH4: Min Percent | AI4: Max Percent | AJ4: Avg. Percent | AK4: Suggested Models | AL4: Min Percent | AM4: Max Percent | AN4: Avg. Percent | AO4: Suggested Models | AR4: Model | AS4: Ability to detect | AT4: Ability to be detected
A5: ChatGPT-4o | B5: 90 | C5: 95 | D5: =AVERAGE(B5:C5) -> 92.5 | E5: GPT-4, GPT-4o, Claude 3.5 Sonnet, , Gemini Pro | H5: 100 | I5: GPT-4 | J5: 90 | K5: 95 | L5: =AVERAGE(J5:K5) -> 92.5 | M5: GPT-3.5, GPT-4, Claude, Bard, Gemini | Q5: GPT-4 | R5: 95 | S5: 100 | T5: =AVERAGE(R5:S5) -> 97.5 | U5: GPT-3.5, GPT-4, Claude 3, Gemini | X5: 100 | Y5: GPT-3.5, GPT-4 | AB5: 80 | AC5: LLaMA, BLOOM | AF5: 100 | AG5: GPT-4 | AJ5: 100 | AK5: GPT-4, Gemini, Llama 3 | AN5: 0 | AO5: NA | AR5: ChatGPT-4o | AS5: =D15 -> 89.1 | AT5: =AVERAGE(D5,H5,L5,T5,X5,AB5,AF5,AJ5,AN5) -> 84.722222
A6: Gemini 2.5 Pro | B6: 60 | C6: 70 | D6: =AVERAGE(B6:C6) -> 65 | E6: GPT-4, GPT-4o | H6: 0 | I6: NA | J6: 20 | K6: 30 | L6: =AVERAGE(J6:K6) -> 25 | M6: GPT-4, Claude | Q6: GPT-4 | R6: 95 | S6: 100 | T6: =AVERAGE(R6:S6) -> 97.5 | U6: GPT-3.5, GPT-4, Claude 3, Gemini | X6: 100 | Y6: GPT-3.5, GPT-4 | AB6: 60 | AC6: LLaMA, BLOOM | AF6: 100 | AG6: GPT-4 | AJ6: 100 | AK6: GPT-4, Gemini | AL6: 0 | AM6: 20 | AN6: =AVERAGE(AL6:AM6) -> 10 | AO6: GPT-4 | AR6: Gemini 2.5 Pro | AS6: =H15 -> 90 | AT6: =AVERAGE(D6,H6,L6,T6,X6,AB6,AF6,AJ6,AN6) -> 61.944444
A7: Claude Sonnet 4 | B7: 90 | C7: 95 | D7: =AVERAGE(B7:C7) -> 92.5 | E7: GPT-4, GPT-4o | H7: 100 | I7: GPT-4 | J7: 85 | K7: 90 | L7: =AVERAGE(J7:K7) -> 87.5 | M7: GPT-4, Claude | Q7: GPT-4 | R7: 90 | S7: 100 | T7: =AVERAGE(R7:S7) -> 95 | U7: GPT-3.5, GPT-4, Claude 3 | X7: 95 | Y7: GPT-4 | AB7: 70 | AC7: LLaMA, BLOOM | AF7: 100 | AG7: GPT-4 | AJ7: 100 | AK7: GPT-4, Gemini, Llama 3 | AL7: 0 | AM7: 20 | AN7: =AVERAGE(AL7:AM7) -> 10 | AO7: GPT-4 | AR7: Claude Sonnet 4 | AS7: =L15 -> 76.65 | AT7: =AVERAGE(D7,H7,L7,T7,X7,AB7,AF7,AJ7,AN7) -> 83.333333
A8: Mistral Le Chat | B8: 85 | C8: 90 | D8: =AVERAGE(B8:C8) -> 87.5 | E8: GPT-4, GPT-4o | H8: 100 | I8: GPT-4 | J8: 90 | K8: 95 | L8: =AVERAGE(J8:K8) -> 92.5 | M8: GPT-3.5, GPT-4, Claude, Bard, Gemini | Q8: GPT-4 | R8: 90 | S8: 100 | T8: =AVERAGE(R8:S8) -> 95 | U8: GPT-3.5, GPT-4, Claude 3 | V8: 90 | W8: 95 | X8: =AVERAGE(V8:W8) -> 92.5 | Y8: GPT-4 | AB8: 80 | AC8: LLaMA, BLOOM | AF8: 100 | AG8: GPT-4 | AJ8: 100 | AK8: GPT-4, Gemini, Llama 3 | AL8: 0 | AM8: 20 | AN8: =AVERAGE(AL8:AM8) -> 10 | AO8: GPT-4 | AR8: Mistral Le Chat | AS8: =P15 -> 50 | AT8: =AVERAGE(D8,H8,L8,T8,X8,AB8,AF8,AJ8,AN8) -> 84.166667
A9: Perplexity | B9: 90 | C9: 95 | D9: =AVERAGE(B9:C9) -> 92.5 | E9: GPT-4, GPT-4o | H9: 100 | I9: GPT-4 | J9: 15 | K9: 25 | L9: =AVERAGE(J9:K9) -> 20 | M9: GPT, Claude | Q9: GPT-4 | R9: 90 | S9: 100 | T9: =AVERAGE(R9:S9) -> 95 | U9: GPT-4, Claude 3 | X9: 100 | Y9: GPT-4 | AB9: 75 | AC9: LLaMA, BLOOM | AF9: 100 | AG9: GPT-4 | AJ9: 100 | AK9: GPT-4, Gemini, Llama 3 | AL9: 0 | AM9: 20 | AN9: =AVERAGE(AL9:AM9) -> 10 | AO9: GPT-4 | AR9: Perplexity | AS9: =T15 -> 94 | AT9: =AVERAGE(D9,H9,L9,T9,X9,AB9,AF9,AJ9,AN9) -> 76.944444
A10: DeepSeek V3 | B10: 92 | C10: 96 | D10: =AVERAGE(B10:C10) -> 94 | E10: GPT-4, GPT-4o | H10: 100 | I10: GPT-4 | J10: 95 | K10: 98 | L10: =AVERAGE(J10:K10) -> 96.5 | M10: GPT-3.5, GPT-4, Claude, Bard, Gemini | Q10: GPT-4 | R10: 90 | S10: 100 | T10: =AVERAGE(R10:S10) -> 95 | U10: GPT-3.5, GPT-4, Claude 3 | V10: 85 | W10: 90 | X10: =AVERAGE(V10:W10) -> 87.5 | Y10: GPT-4, Claude 3 | AB10: 90 | AC10: LLaMA, BLOOM | AF10: 100 | AG10: GPT-4 | AJ10: 100 | AK10: GPT-4, Gemini, Llama 3 | AL10: 0 | AM10: 20 | AN10: =AVERAGE(AL10:AM10) -> 10 | AO10: GPT-4 | AR10: DeepSeek V3 | AS10: =X15 -> 96.25 | AT10: =AVERAGE(D10,H10,L10,T10,X10,AB10,AF10,AJ10,AN10) -> 85.888889
A11: Llama-4-Scout-nitro | B11: 80 | C11: 85 | D11: =AVERAGE(B11:C11) -> 82.5 | E11: GPT-4, GPT-4o | H11: 100 | I11: GPT-4 | J11: 90 | K11: 95 | L11: =AVERAGE(J11:K11) -> 92.5 | M11: GPT-3.5, GPT-4, Claude, GitHub, | Q11: GPT-4 | R11: 85 | S11: 95 | T11: =AVERAGE(R11:S11) -> 90 | U11: GPT-4, Claude | W11: 95 | X11: =AVERAGE(V11:W11) -> 95 | Y11: GPT-4, Claude 3 | AB11: 85 | AC11: LLaMA, BLOOM | AF11: 100 | AG11: GPT-4 | AJ11: 85 | AK11: GPT-4, Gemini, Llama 3 | AL11: 0 | AM11: 20 | AN11: =AVERAGE(AL11:AM11) -> 10 | AO11: GPT-4 | AR11: Llama-4-Scout-nitro | AS11: =AB15 -> 79 | AT11: =AVERAGE(D11,H11,L11,T11,X11,AB11,AF11,AJ11,AN11) -> 82.222222
A12: Grok-3 | B12: 90 | C12: 94 | D12: =AVERAGE(B12:C12) -> 92 | E12: GPT-4, GPT-4o | H12: 100 | I12: GPT-4 | J12: 75 | K12: 85 | L12: =AVERAGE(J12:K12) -> 80 | M12: GPT-4, Claude | Q12: GPT-4 | R12: 90 | S12: 100 | T12: =AVERAGE(R12:S12) -> 95 | U12: GPT-3.5, GPT-4, Claude 3 | V12: 90 | W12: 95 | X12: =AVERAGE(V12:W12) -> 92.5 | Y12: GPT-4, Claude 3 | AB12: 80 | AC12: LLaMA, BLOOM | AF12: 100 | AG12: GPT-4 | AJ12: 100 | AK12: GPT-3.5 or GPT-4, Gemini 1.0, 1.5, Llama 3 | AN12: 0 | AO12: NA | AR12: Grok-3 | AS12: =AF15 -> 100 | AT12: =AVERAGE(D12,H12,L12,T12,X12,AB12,AF12,AJ12,AN12) -> 82.166667
A13: Qwen3-235b-a22b | B13: 90 | C13: 100 | D13: =AVERAGE(B13:C13) -> 95 | E13: GPT-4, Claude 3 | G13: Pro | H13: 100 | I13: GPT-4, Gemini | J13: 90 | K13: 95 | L13: =AVERAGE(J13:K13) -> 92.5 | M13: GPT-4, Claude | N13: 40 | O13: 50 | P13: =AVERAGE(N13:O13) -> 45 | Q13: GPT-4 | R13: 90 | S13: 95 | T13: =AVERAGE(R13:S13) -> 92.5 | U13: GPT-4, GPT-4 turbo | X13: 100 | Y13: GPT-4 | AB13: 80 | AC13: BERT, RoBERTa, Longformer | AF13: 100 | AG13: GPT-3.5, GPT-4 | AH13: 60 | AI13: 70 | AJ13: =AVERAGE(AH13:AI13) -> 65 | AK13: GPT-3.5 or GPT-4, Claude 3, Llama | AN13: 0 | AO13: NA | AR13: Qwen3-235b-a22b | AS13: =AJ15 -> 93.25 | AT13: =AVERAGE(D13,H13,L13,T13,X13,AB13,AF13,AJ13,AN13) -> 80.555556
A14: Falcon-H1-3B-Instruct | B14: 95 | C14: 100 | D14: =AVERAGE(B14:C14) -> 97.5 | E14: GPT-4 | G14: Pro | H14: 100 | I14: GPT-3.5 | J14: 85 | K14: 90 | L14: =AVERAGE(J14:K14) -> 87.5 | M14: GPT-3.5, GPT-4 | N14: 50 | O14: 60 | P14: =AVERAGE(N14:O14) -> 55 | Q14: GPT-4 | R14: 85 | S14: 90 | T14: =AVERAGE(R14:S14) -> 87.5 | U14: GPT-4, GPT-4 turbo | X14: 100 | Y14: GPT-4 | AB14: 90 | AC14: BERT, RoBERTa, T5 | AF14: 100 | AG14: GPT-3.5, GPT-4 | AH14: 80 | AI14: 85 | AJ14: =AVERAGE(AH14:AI14) -> 82.5 | AK14: GPT-3.5 or GPT-4, Llama | AN14: 100 | AO14: GPT-4 | AR14: Falcon-H1-3B-Instruct | AS14: =AN15 -> 16 | AT14: =AVERAGE(D14,H14,L14,T14,X14,AB14,AF14,AJ14,AN14) -> 93.888889
A15: Mean | D15: =AVERAGE(D5:D14) -> 89.1 | H15: =AVERAGE(H5:H14) -> 90 | L15: =AVERAGE(L5:L14) -> 76.65 | P15: =AVERAGE(P5:P14) -> 50 | T15: =AVERAGE(T5:T14) -> 94 | X15: =AVERAGE(X5:X14) -> 96.25 | AB15: =AVERAGE(AB5:AB14) -> 79 | AF15: =AVERAGE(AF5:AF14) -> 100 | AJ15: =AVERAGE(AJ5:AJ14) -> 93.25 | AN15: =AVERAGE(AN5:AN14) -> 16
AR25: Model | AS25: Ability to detect
AR26: Falcon-H1-3B-Instruct | AS26: 16
AR27: Mistral Le Chat | AS27: 50
AR28: Claude Sonnet 4 | AS28: 76.65
AR29: Llama-4-Scout-nitro | AS29: 79
AR30: ChatGPT-4o | AS30: 89.1
AR31: Gemini 2.5 Pro | AS31: 90
AR32: Qwen3-235b-a22b | AS32: 93.25
AR33: Perplexity | AS33: 94
AR34: DeepSeek V3 | AS34: 96.25
AR35: Grok-3 | AS35: 100
AR39: Model | AS39: Ability to be detected
AR40: Gemini 2.5 Pro | AS40: 61.944444
AR41: Perplexity | AS41: 76.944444
AR42: Qwen3-235b-a22b | AS42: 80.555556
AR43: Grok-3 | AS43: 82.166667
AR44: Llama-4-Scout-nitro | AS44: 82.222222
AR45: Claude Sonnet 4 | AS45: 83.333333
AR46: Mistral Le Chat | AS46: 84.166667
AR47: ChatGPT-4o | AS47: 84.722222
AR48: DeepSeek V3 | AS48: 85.888889
AR49: Falcon-H1-3B-Instruct | AS49: 93.888889

Sheet Task 5 -MPI
B2: Detecting Models
B3: ChatGPT-4o | F3: Gemini 2.5 Pro | J3: Claude Sonnet 4 | N3: Mistral Le Chat | R3: Perplexity | V3: DeepSeek V3 | Z3: Llama-4-Scout-nitro | AD3: Grok-3 | AH3: Qwen3-235b-a22b | AL3: Falcon-H1-3B-Instruct
A4: Generating Models | B4: Min Percent | C4: Max Percent | D4: Avg. Percent | E4: Suggested Models | F4: Min Percent | G4: Max Percent | H4: Avg. Percent | I4: Suggested Models | J4: Min Percent | K4: Max Percent | L4: Avg. Percent | M4: Suggested Models | N4: Min Percent | O4: Max Percent | P4: Avg. Percent | Q4: Suggested Models | R4: Min Percent | S4: Max Percent | T4: Avg. Percent | U4: Suggested Models | V4: Min Percent | W4: Max Percent | X4: Avg. Percent | Y4: Suggested Models | Z4: Min Percent | AA4: Max Percent | AB4: Avg. Percent | AC4: Suggested Models | AD4: Min Percent | AE4: Max Percent | AF4: Avg. Percent | AG4: Suggested Models | AH4: Min Percent | AI4: Max Percent | AJ4: Avg. Percent | AK4: Suggested Models | AL4: Min Percent | AM4: Max Percent | AN4: Avg. Percent | AO4: Suggested Models | AR4: Model | AS4: Ability to detect | AT4: Ability to be detected
A5: ChatGPT-4o | B5: 95 | C5: 100 | D5: =AVERAGE(B5:C5) -> 97.5 | E5: GPT-4 | H5: 100 | I5: GPT-4, Gemini | J5: 85 | K5: 90 | L5: =AVERAGE(J5:K5) -> 87.5 | M5: GPT-3.5, GPT-4 | Q5: GPT-4, BARD, Claude | T5: 85 | U5: GPT-4, Claude 3 | X5: 100 | Y5: GPT-3, GPT-4 | AB5: 80 | AC5: LLaMA, BART, RoBERTa | AF5: 100 | AG5: GPT-4, GPT-4o | AJ5: 100 | AK5: GPT-3.5 or GPT-4 | AN5: 0 | AO5: NA | AR5: ChatGPT-4o | AS5: =D15 -> 93 | AT5: =AVERAGE(D5,H5,L5,T5,X5,AB5,AF5,AJ5,AN5) -> 83.333333
A6: Gemini 2.5 Pro | B6: 80 | C6: 90 | D6: =AVERAGE(B6:C6) -> 85 | E6: GPT-4, Claude 3 | H6: 100 | I6: Copilot, Gemini | J6: 20 | K6: 30 | L6: =AVERAGE(J6:K6) -> 25 | M6: Grammerly, GPT | Q6: GPT-4, Claude, Gemini | R6: 90 | S6: 95 | T6: =AVERAGE(R6:S6) -> 92.5 | U6: GPT-4, Claude 3, Gemini Advanced | X6: 100 | Y6: GPT-4 | AB6: 90 | AC6: LLaMA, BART, RoBERTa | AF6: 70 | AG6: GPT-4 | AJ6: 100 | AK6: GPT-3.5 or GPT-4 | AN6: 100 | AO6: GPT-4 | AR6: Gemini 2.5 Pro | AS6: =H15 -> 98.25 | AT6: =AVERAGE(D6,H6,L6,T6,X6,AB6,AF6,AJ6,AN6) -> 84.722222
A7: Claude Sonnet 4 | B7: 90 | C7: 100 | D7: =AVERAGE(B7:C7) -> 95 | E7: GPT-4, Claude 3 | H7: 100 | I7: GPT-4, Gemini | J7: 90 | K7: 95 | L7: =AVERAGE(J7:K7) -> 92.5 | M7: GPT-4 | N7: 90 | O7: 95 | P7: =AVERAGE(N7:O7) -> 92.5 | Q7: GPT-4, Claude 3, Gemini 1.5 | R7: 85 | S7: 90 | T7: =AVERAGE(R7:S7) -> 87.5 | U7: GPT-4, GPT-4o, Claude 3, Gemini Advanced | X7: 95 | Y7: GPT-4, Claude 3 | AB7: 85 | AC7: LLaMA, BART, RoBERTa | AF7: 90 | AG7: GPT-4 | AJ7: 100 | AK7: GPT-3.5 or GPT-4 | AN7: 100 | AO7: GPT-4 | AR7: Claude Sonnet 4 | AS7: =L15 -> 78.65 | AT7: =AVERAGE(D7,H7,L7,T7,X7,AB7,AF7,AJ7,AN7) -> 93.888889
A8: Mistral Le Chat | B8: 90 | C8: 95 | D8: =AVERAGE(B8:C8) -> 92.5 | E8: GPT-4, Claude 3 | H8: 100 | I8: GPT-4, Gemini | J8: 95 | K8: 98 | L8: =AVERAGE(J8:K8) -> 96.5 | M8: GPT-3.5, GPT-4 | N8: 95 | O8: 100 | P8: =AVERAGE(N8:O8) -> 97.5 | Q8: GPT-4, Claude 3, Gemini 1.5 | R8: 85 | S8: 90 | T8: =AVERAGE(R8:S8) -> 87.5 | U8: GPT-4, GPT-4o, Claude 3, Gemini Advanced | V8: 95 | W8: 100 | X8: =AVERAGE(V8:W8) -> 97.5 | Y8: GPT-4, Claude 3 | AB8: 80 | AC8: BART, RoBERTa | AF8: 80 | AG8: GPT-4, GPT-4o | AH8: 90 | AI8: 95 | AJ8: =AVERAGE(AH8:AI8) -> 92.5 | AK8: GPT-3.5 or GPT-4 | AN8: 100 | AO8: GPT-4 | AR8: Mistral Le Chat | AS8: =P15 -> 94.875 | AT8: =AVERAGE(D8,H8,L8,T8,X8,AB8,AF8,AJ8,AN8) -> 91.833333
A9: Perplexity | B9: 90 | C9: 95 | D9: =AVERAGE(B9:C9) -> 92.5 | E9: GPT-4 | H9: 100 | I9: GPT-4, Gemini | J9: 85 | K9: 90 | L9: =AVERAGE(J9:K9) -> 87.5 | M9: GPT-4 | N9: 95 | O9: 100 | P9: =AVERAGE(N9:O9) -> 97.5 | Q9: GPT-4, Claude 3, Gemini 1.5 | R9: 85 | S9: 90 | T9: =AVERAGE(R9:S9) -> 87.5 | U9: GPT-4, GPT-4o, Claude 3, Gemini Advanced | V9: 85 | W9: 95 | X9: =AVERAGE(V9:W9) -> 90 | Y9: GPT-4, Claude 3 | AB9: 90 | AC9: LLaMA, RoBERTa | AF9: 85 | AG9: GPT-4 | AH9: 95 | AI9: 100 | AJ9: =AVERAGE(AH9:AI9) -> 97.5 | AK9: GPT-4 | AN9: 100 | AO9: GPT-4 | AR9: Perplexity | AS9: =T15 -> 87.75 | AT9: =AVERAGE(D9,H9,L9,T9,X9,AB9,AF9,AJ9,AN9) -> 92.222222
A10: DeepSeek V3 | B10: 95 | C10: 100 | D10: =AVERAGE(B10:C10) -> 97.5 | E10: GPT-4, Claude 3 | F10: 95 | G10: 100 | H10: =AVERAGE(F10:G10) -> 97.5 | I10: GPT-4, Gemini | J10: 95 | K10: 98 | L10: =AVERAGE(J10:K10) -> 96.5 | M10: GPT-3.5, GPT-4 | N10: 95 | O10: 100 | P10: =AVERAGE(N10:O10) -> 97.5 | Q10: GPT-4, Claude 3, Gemini 1.5 | R10: 85 | S10: 90 | T10: =AVERAGE(R10:S10) -> 87.5 | U10: GPT-4, GPT-4o, Claude 3, Gemini Advanced | V10: 90 | W10: 95 | X10: =AVERAGE(V10:W10) -> 92.5 | Y10: GPT-4, Claude 3 | AB10: 95 | AC10: LLaMA, RoBERTa | AF10: 90 | AG10: GPT-4 | AH10: 95 | AI10: 100 | AJ10: =AVERAGE(AH10:AI10) -> 97.5 | AK10: GPT-4 | AN10: 100 | AO10: GPT-4 | AR10: DeepSeek V3 | AS10: =X15 -> 96.7 | AT10: =AVERAGE(D10,H10,L10,T10,X10,AB10,AF10,AJ10,AN10) -> 94.888889
A11: Llama-4-Scout-nitro | B11: 90 | C11: 95 | D11: =AVERAGE(B11:C11) -> 92.5 | E11: GPT-4, Claude 3 | F11: 95 | G11: 100 | H11: =AVERAGE(F11:G11) -> 97.5 | I11: GPT-4, Gemini | J11: 92 | K11: 95 | L11: =AVERAGE(J11:K11) -> 93.5 | M11: GPT-3.5, GPT-4 | N11: 95 | O11: 100 | P11: =AVERAGE(N11:O11) -> 97.5 | Q11: GPT-4, Claude 3, Gemini 1.5 | R11: 85 | S11: 90 | T11: =AVERAGE(R11:S11) -> 87.5 | U11: GPT-4, GPT-4o, Claude 3, Gemini Advanced | V11: 97 | W11: 100 | X11: =AVERAGE(V11:W11) -> 98.5 | Y11: GPT-4 | AB11: 92 | AC11: LLaMA, RoBERTa | AF11: 95 | AG11: GPT-4 | AH11: 90 | AI11: 95 | AJ11: =AVERAGE(AH11:AI11) -> 92.5 | AK11: GPT-3.5 or GPT-4 | AN11: 100 | AO11: GPT-4 | AR11: Llama-4-Scout-nitro | AS11: =AB15 -> 88.2 | AT11: =AVERAGE(D11,H11,L11,T11,X11,AB11,AF11,AJ11,AN11) -> 94.333333
A12: Grok-3 | B12: 85 | C12: 90 | D12: =AVERAGE(B12:C12) -> 87.5 | E12: GPT-4, Claude 3 | F12: 90 | G12: 95 | H12: =AVERAGE(F12:G12) -> 92.5 | I12: GPT-4, Gemini | J12: 88 | K12: 92 | L12: =AVERAGE(J12:K12) -> 90 | M12: GPT-4 | N12: 90 | O12: 95 | P12: =AVERAGE(N12:O12) -> 92.5 | Q12: GPT-4, Claude 3, Gemini 1.5 | R12: 85 | S12: 90 | T12: =AVERAGE(R12:S12) -> 87.5 | U12: GPT-4, GPT-4o, Claude 3, Gemini Advanced | V12: 95 | W12: 99 | X12: =AVERAGE(V12:W12) -> 97 | Y12: GPT-4, Claude 3 | AB12: 95 | AC12: LLaMA | AF12: 90 | AG12: GPT-4 | AH12: 60 | AI12: 70 | AJ12: =AVERAGE(AH12:AI12) -> 65 | AK12: GPT-4 | AN12: 100 | AO12: GPT-4 | AR12: Grok-3 | AS12: =AF15 -> 86.5 | AT12: =AVERAGE(D12,H12,L12,T12,X12,AB12,AF12,AJ12,AN12) -> 89.388889
A13: Qwen3-235b-a22b | B13: 95 | C13: 100 | D13: =AVERAGE(B13:C13) -> 97.5 | E13: GPT-4, Claude 3 | F13: 95 | G13: 100 | H13: =AVERAGE(F13:G13) -> 97.5 | I13: GPT-4, Gemini | J13: 20 | K13: 25 | L13: =AVERAGE(J13:K13) -> 22.5 | M13: NA | N13: 85 | O13: 95 | P13: =AVERAGE(N13:O13) -> 90 | Q13: GPT-4, Claude 3, Gemini 1.5 | R13: 85 | S13: 90 | T13: =AVERAGE(R13:S13) -> 87.5 | U13: GPT-4, GPT-4o, Claude 3, Gemini Advanced | V13: 98 | W13: 100 | X13: =AVERAGE(V13:W13) -> 99 | Y13: GPT-4 | AB13: 90 | AC13: LLaMA, RoBERTa | AF13: 80 | AG13: GPT-4 | AH13: 95 | AI13: 100 | AJ13: =AVERAGE(AH13:AI13) -> 97.5 | AK13: GPT-4 | AN13: 100 | AO13: GPT-4 | AR13: Qwen3-235b-a22b | AS13: =AJ15 -> 93.5 | AT13: =AVERAGE(D13,H13,L13,T13,X13,AB13,AF13,AJ13,AN13) -> 85.722222
A14: Falcon-H1-3B-Instruct | B14: 90 | C14: 95 | D14: =AVERAGE(B14:C14) -> 92.5 | E14: GPT-4, Claude 3 | F14: 95 | G14: 100 | H14: =AVERAGE(F14:G14) -> 97.5 | I14: GPT-4, Gemini | J14: 93 | K14: 97 | L14: =AVERAGE(J14:K14) -> 95 | M14: GPT-3.5, GPT-4 | N14: 90 | O14: 98 | P14: =AVERAGE(N14:O14) -> 94 | Q14: GPT-4, Claude 3, Gemini 1.5 | R14: 85 | S14: 90 | T14: =AVERAGE(R14:S14) -> 87.5 | U14: GPT-4, GPT-4o, Claude 3, Gemini Advanced | V14: 95 | W14: 100 | X14: =AVERAGE(V14:W14) -> 97.5 | Y14: GPT-4 | AB14: 85 | AC14: BART, RoBERTa | AF14: 85 | AG14: GPT-4 | AH14: 90 | AI14: 95 | AJ14: =AVERAGE(AH14:AI14) -> 92.5 | AK14: GPT-3.5 or GPT-4 | AN14: 100 | AO14: GPT-4 | AR14: Falcon-H1-3B-Instruct | AS14: =AN15 -> 90 | AT14: =AVERAGE(D14,H14,L14,T14,X14,AB14,AF14,AJ14,AN14) -> 92.5
A15: Mean | D15: =AVERAGE(D5:D14) -> 93 | H15: =AVERAGE(H5:H14) -> 98.25 | L15: =AVERAGE(L5:L14) -> 78.65 | P15: =AVERAGE(P7:P14) -> 94.875 | T15: =AVERAGE(T5:T14) -> 87.75 | X15: =AVERAGE(X5:X14) -> 96.7 | AB15: =AVERAGE(AB5:AB14) -> 88.2 | AF15: =AVERAGE(AF5:AF14) -> 86.5 | AJ15: =AVERAGE(AJ5:AJ14) -> 93.5 | AN15: =AVERAGE(AN5:AN14) -> 90
AR25: Model | AS25: Ability to detect
AR26: Claude Sonnet 4 | AS26: 78.65
AR27: Grok-3 | AS27: 86.5
AR28: Perplexity | AS28: 87.75
AR29: Llama-4-Scout-nitro | AS29: 88.2
AR30: Falcon-H1-3B-Instruct | AS30: 90
AR31: ChatGPT-4o | AS31: 93
AR32: Qwen3-235b-a22b | AS32: 93.5
AR33: Mistral Le Chat | AS33: 94.875
AR34: DeepSeek V3 | AS34: 96.7
AR35: Gemini 2.5 Pro | AS35: 98.25
AR39: Model | AS39: Ability to be detected
AR40: ChatGPT-4o | AS40: 83.333333
AR41: Gemini 2.5 Pro | AS41: 84.722222
AR42: Qwen3-235b-a22b | AS42: 85.722222
AR43: Grok-3 | AS43: 89.388889
AR44: Mistral Le Chat | AS44: 91.833333
AR45: Perplexity | AS45: 92.222222
AR46: Falcon-H1-3B-Instruct | AS46: 92.5
AR47: Claude Sonnet 4 | AS47: 93.888889
AR48: Llama-4-Scout-nitro | AS48: 94.333333
AR49: DeepSeek V3 | AS49: 94.888889

Sheet Task 6-MR
B2: Detecting Models
B3: ChatGPT-4o | F3: Gemini 2.5 Pro | J3: Claude Sonnet 4 | N3: Mistral Le Chat | R3: Perplexity | V3: DeepSeek V3 | Z3: Llama-4-Scout-nitro | AD3: Grok-3 | AH3: Qwen3-235b-a22b | AL3: Falcon-H1-3B-Instruct
A4: Generating Models | B4: Min Percent | C4: Max Percent | D4: Avg. Percent | E4: Suggested Models | F4: Min Percent | G4: Max Percent | H4: Avg. Percent | I4: Suggested Models | J4: Min Percent | K4: Max Percent | L4: Avg. Percent | M4: Suggested Models | N4: Min Percent | O4: Max Percent | P4: Avg. Percent | Q4: Suggested Models | R4: Min Percent | S4: Max Percent | T4: Avg. Percent | U4: Suggested Models | V4: Min Percent | W4: Max Percent | X4: Avg. Percent | Y4: Suggested Models | Z4: Min Percent | AA4: Max Percent | AB4: Avg. Percent | AC4: Suggested Models | AD4: Min Percent | AE4: Max Percent | AF4: Avg. Percent | AG4: Suggested Models | AH4: Min Percent | AI4: Max Percent | AJ4: Avg. Percent | AK4: Suggested Models | AL4: Min Percent | AM4: Max Percent | AN4: Avg. Percent | AO4: Suggested Models | AR4: Model | AS4: Ability to detect | AT4: Ability to be detected
A5: ChatGPT-4o | B5: 95 | C5: 100 | D5: =AVERAGE(B5:C5) -> 97.5 | E5: GPT-4, Claude 3 | H5: 100 | I5: GPT-3.5, GPT-4, Gemini | J5: 85 | K5: 90 | L5: =AVERAGE(J5:K5) -> 87.5 | M5: GPT-3.5, GPT-4 | N5: 90 | O5: 100 | P5: =AVERAGE(N5:O5) -> 95 | Q5: GPT 3.5, GPT-4, Gemini, Mistral AI | R5: 85 | S5: 90 | T5: =AVERAGE(R5:S5) -> 87.5 | U5: GPT-3.5, GPT-4 | X5: 100 | Y5: GPT-4 | Z5: 70 | AA5: 80 | AB5: =AVERAGE(Z5:AA5) -> 75 | AC5: LLaMA, BERT | AF5: 100 | AG5: GPT-4 | AH5: 95 | AI5: 100 | AJ5: =AVERAGE(AH5:AI5) -> 97.5 | AK5: GPT-3.5 or GPT-4 | AN5: 0 | AO5: NA | AR5: ChatGPT-4o | AS5: =D15 -> 95.75 | AT5: =AVERAGE(D5,H5,L5,T5,X5,AB5,AF5,AJ5,AN5) -> 82.777778
A6: Gemini 2.5 Pro | B6: 90 | C6: 95 | D6: =AVERAGE(B6:C6) -> 92.5 | E6: GPT-4 | H6: 100 | I6: Perplexity AI | L6: 100 | M6: Perplexity AI | N6: 80 | O6: 90 | P6: =AVERAGE(N6:O6) -> 85 | Q6: GPT-4, Gemini, Mistral AI | R6: 90 | S6: 95 | T6: =AVERAGE(R6:S6) -> 92.5 | U6: GPT-3.5, GPT-4 | V6: 80 | W6: 90 | X6: =AVERAGE(V6:W6) -> 85 | Y6: GPT-4 | Z6: 80 | AA6: 90 | AB6: =AVERAGE(Z6:AA6) -> 85 | AC6: LLaMA, T5 | AF6: 70 | AG6: GPT-4, Claude | AH6: 85 | AI6: 90 | AJ6: =AVERAGE(AH6:AI6) -> 87.5 | AK6: GPT-3.5 or GPT-4 | AL6: 90 | AM6: 100 | AN6: =AVERAGE(AL6:AM6) -> 95 | AO6: GPT-4 | AR6: Gemini 2.5 Pro | AS6: =H15 -> 97.4 | AT6: =AVERAGE(D6,H6,L6,T6,X6,AB6,AF6,AJ6,AN6) -> 89.722222
A7: Claude Sonnet 4 | B7: 95 | C7: 100 | D7: =AVERAGE(B7:C7) -> 97.5 | E7: GPT-4 | H7: 100 | I7: GPT-4, Gemini | J7: 20 | K7: 25 | L7: =AVERAGE(J7:K7) -> 22.5 | M7: GPT-4, Claude | N7: 95 | O7: 100 | P7: =AVERAGE(N7:O7) -> 97.5 | Q7: GPT-4, Gemini, Mistral AI | R7: 85 | S7: 90 | T7: =AVERAGE(R7:S7) -> 87.5 | U7: GPT-3.5, GPT-4 | X7: 100 | Y7: GPT-4 | Z7: 90 | AA7: 95 | AB7: =AVERAGE(Z7:AA7) -> 92.5 | AC7: LLaMA, T5 | AF7: 90 | AG7: GPT-4, Claude | AH7: 90 | AI7: 95 | AJ7: =AVERAGE(AH7:AI7) -> 92.5 | AK7: GPT-4 | AL7: 90 | AM7: 100 | AN7: =AVERAGE(AL7:AM7) -> 95 | AO7: GPT-4 | AR7: Claude Sonnet 4 | AS7: =L15 -> 78.65 | AT7: =AVERAGE(D7,H7,L7,T7,X7,AB7,AF7,AJ7,AN7) -> 86.388889
A8: Mistral Le Chat | B8: 90 | C8: 95 | D8: =AVERAGE(B8:C8) -> 92.5 | E8: GPT-4 | H8: 100 | I8: GPT-3.5 | J8: 95 | K8: 98 | L8: =AVERAGE(J8:K8) -> 96.5 | M8: GPT-3.5, GPT-4 | N8: 98 | O8: 100 | P8: =AVERAGE(N8:O8) -> 99 | Q8: GPT-4, Gemini, Mistral AI | R8: 90 | S8: 95 | T8: =AVERAGE(R8:S8) -> 92.5 | U8: GPT-4 | X8: 100 | Y8: GPT-4 | Z8: 85 | AA8: 90 | AB8: =AVERAGE(Z8:AA8) -> 87.5 | AC8: LLaMA, BERT | AF8: 95 | AG8: GPT-4, Claude 3 | AH8: 85 | AI8: 90 | AJ8: =AVERAGE(AH8:AI8) -> 87.5 | AK8: GPT-3.5 | AL8: 90 | AM8: 100 | AN8: =AVERAGE(AL8:AM8) -> 95 | AO8: GPT-4 | AR8: Mistral Le Chat | AS8: =P15 -> 97.35 | AT8: =AVERAGE(D8,H8,L8,T8,X8,AB8,AF8,AJ8,AN8) -> 94.055556
A9: Perplexity | B9: 95 | C9: 100 | D9: =AVERAGE(B9:C9) -> 97.5 | E9: GPT-4, Claude 3 | H9: 95 | I9: GPT-4, Gemini | J9: 75 | K9: 80 | L9: =AVERAGE(J9:K9) -> 77.5 | M9: GPT-4, Claude | N9: 99 | O9: 100 | P9: =AVERAGE(N9:O9) -> 99.5 | Q9: GPT-4, Gemini, Mistral AI | R9: 90 | S9: 93 | T9: =AVERAGE(R9:S9) -> 91.5 | U9: GPT-4 | X9: 100 | Y9: GPT-4 | Z9: 95 | AA9: 100 | AB9: =AVERAGE(Z9:AA9) -> 97.5 | AC9: LLaMA, T5 | AF9: 90 | AG9: GPT-4, Claude 3 | AH9: 95 | AI9: 100 | AJ9: =AVERAGE(AH9:AI9) -> 97.5 | AK9: GPT-4 | AL9: 90 | AM9: 100 | AN9: =AVERAGE(AL9:AM9) -> 95 | AO9: GPT-4 | AR9: Perplexity | AS9: =T15 -> 91.05 | AT9: =AVERAGE(D9,H9,L9,T9,X9,AB9,AF9,AJ9,AN9) -> 93.5
A10: DeepSeek V3 | B10: 95 | C10: 100 | D10: =AVERAGE(B10:C10) -> 97.5 | E10: GPT-4 | H10: 95 | I10: GPT-4, Gemini | J10: 90 | K10: 95 | L10: =AVERAGE(J10:K10) -> 92.5 | M10: GPT-3.5, GPT-4 | N10: 99 | O10: 100 | P10: =AVERAGE(N10:O10) -> 99.5 | Q10: GPT-4, Gemini, Mistral AI | R10: 90 | S10: 95 | T10: =AVERAGE(R10:S10) -> 92.5 | U10: GPT-3.5, GPT-4 | X10: 100 | Y10: GPT-4 | Z10: 90 | AA10: 95 | AB10: =AVERAGE(Z10:AA10) -> 92.5 | AC10: LLaMA, T5 | AF10: 95 | AG10: GPT-4, Claude 3 | AH10: 90 | AI10: 95 | AJ10: =AVERAGE(AH10:AI10) -> 92.5 | AK10: GPT-3.5 or GPT-4 | AL10: 90 | AM10: 100 | AN10: =AVERAGE(AL10:AM10) -> 95 | AO10: GPT-4 | AR10: DeepSeek V3 | AS10: =X15 -> 98.5 | AT10: =AVERAGE(D10,H10,L10,T10,X10,AB10,AF10,AJ10,AN10) -> 94.722222
A11: Llama-4-Scout-nitro | B11: 95 | C11: 100 | D11: =AVERAGE(B11:C11) -> 97.5 | E11: GPT-4, Claude 3 | H11: 95 | I11: GPT-3.5, GPT-4, Gemini | J11: 95 | K11: 98 | L11: =AVERAGE(J11:K11) -> 96.5 | M11: GPT-3.5 | N11: 99 | O11: 100 | P11: =AVERAGE(N11:O11) -> 99.5 | Q11: GPT-4, Gemini, Mistral AI | R11: 90 | S11: 93 | T11: =AVERAGE(R11:S11) -> 91.5 | U11: GPT-4 | X11: 100 | Y11: GPT-4 | AB11: 80 | AC11: LLaMA, BART | AF11: 95 | AG11: GPT-4, Claude 3 | AH11: 85 | AI11: 90 | AJ11: =AVERAGE(AH11:AI11) -> 87.5 | AK11: GPT-3.5 | AL11: 90 | AM11: 100 | AN11: =AVERAGE(AL11:AM11) -> 95 | AO11: GPT-4 | AR11: Llama-4-Scout-nitro | AS11: =AB15 -> 88 | AT11: =AVERAGE(D11,H11,L11,T11,X11,AB11,AF11,AJ11,AN11) -> 93.111111
A12: Grok-3 | B12: 95 | C12: 100 | D12: =AVERAGE(B12:C12) -> 97.5 | E12: GPT-4 | H12: 95 | I12: GPT-4, Gemini | J12: 85 | K12: 90 | L12: =AVERAGE(J12:K12) -> 87.5 | M12: GPT-4, Claude | N12: 99 | O12: 100 | P12: =AVERAGE(N12:O12) -> 99.5 | Q12: GPT-4, Gemini, Mistral AI | R12: 90 | S12: 93 | T12: =AVERAGE(R12:S12) -> 91.5 | U12: GPT-4 | X12: 100 | Y12: GPT-4 | AB12: 90 | AC12: LLaMA, T5 | AF12: 90 | AG12: GPT-4, Claude 3 | AH12: 95 | AI12: 100 | AJ12: =AVERAGE(AH12:AI12) -> 97.5 | AK12: GPT-4 | AL12: 90 | AM12: 100 | AN12: =AVERAGE(AL12:AM12) -> 95 | AO12: GPT-4 | AR12: Grok-3 | AS12: =AF15 -> 91 | AT12: =AVERAGE(D12,H12,L12,T12,X12,AB12,AF12,AJ12,AN12) -> 93.777778
A13: Qwen3-235b-a22b | B13: 95 | C13: 95 | D13: =AVERAGE(B13:C13) -> 95 | E13: GPT-4 | H13: 99 | I13: GPT-4, Gemini | J13: 30 | K13: 35 | L13: =AVERAGE(J13:K13) -> 32.5 | M13: GPT-4, Claude | N13: 99 | O13: 100 | P13: =AVERAGE(N13:O13) -> 99.5 | Q13: GPT-4, Gemini, Mistral AI | R13: 90 | S13: 95 | T13: =AVERAGE(R13:S13) -> 92.5 | U13: GPT-4 | X13: 100 | Y13: GPT-4 | AB13: 95 | AC13: LLaMA, T5 | AF13: 90 | AG13: GPT-4, Claude 3 | AH13: 95 | AI13: 100 | AJ13: =AVERAGE(AH13:AI13) -> 97.5 | AK13: GPT-4 | AL13: 90 | AM13: 100 | AN13: =AVERAGE(AL13:AM13) -> 95 | AO13: GPT-4 | AR13: Qwen3-235b-a22b | AS13: =AJ15 -> 93 | AT13: =AVERAGE(D13,H13,L13,T13,X13,AB13,AF13,AJ13,AN13) -> 88.5
A14: Falcon-H1-3B-Instruct | B14: 90 | C14: 95 | D14: =AVERAGE(B14:C14) -> 92.5 | E14: GPT-4 | H14: 95 | I14: GPT-3.5, GPT-4, Gemini | J14: 92 | K14: 95 | L14: =AVERAGE(J14:K14) -> 93.5 | M14: GPT-3.5, GPT-4 | N14: 99 | O14: 100 | P14: =AVERAGE(N14:O14) -> 99.5 | Q14: GPT-4, Gemini, Mistral AI | R14: 90 | S14: 92 | T14: =AVERAGE(R14:S14) -> 91 | U14: GPT-4 | X14: 100 | Y14: GPT-4 | AB14: 85 | AC14: LLaMA, BART | AF14: 95 | AG14: GPT-4, Claude 3 | AH14: 90 | AI14: 95 | AJ14: =AVERAGE(AH14:AI14) -> 92.5 | AK14: GPT-3.5 or GPT-4 | AL14: 90 | AM14: 100 | AN14: =AVERAGE(AL14:AM14) -> 95 | AO14: GPT-4 | AR14: Falcon-H1-3B-Instruct | AS14: =AN15 -> 85.5 | AT14: =AVERAGE(D14,H14,L14,T14,X14,AB14,AF14,AJ14,AN14) -> 93.277778
A15: Mean | D15: =AVERAGE(D5:D14) -> 95.75 | H15: =AVERAGE(H5:H14) -> 97.4 | L15: =AVERAGE(L5:L14) -> 78.65 | P15: =AVERAGE(P5:P14) -> 97.35 | T15: =AVERAGE(T5:T14) -> 91.05 | X15: =AVERAGE(X5:X14) -> 98.5 | AB15: =AVERAGE(AB5:AB14) -> 88 | AF15: =AVERAGE(AF5:AF14) -> 91 | AJ15: =AVERAGE(AJ5:AJ14) -> 93 | AN15: =AVERAGE(AN5:AN14) -> 85.5
A22: GPT 5 all
AR25: Model | AS25: Ability to detect
AR26: Claude Sonnet 4 | AS26: 78.65
AR27: Falcon-H1-3B-Instruct | AS27: 85.5
AR28: Llama-4-Scout-nitro | AS28: 88
AR29: Grok-3 | AS29: 91
AR30: Perplexity | AS30: 91.05
AR31: Qwen3-235b-a22b | AS31: 93
AR32: ChatGPT-4o | AS32: 95.75
AR33: Mistral Le Chat | AS33: 97.35
AR34: Gemini 2.5 Pro | AS34: 97.4
AR35: DeepSeek V3 | AS35: 98.5
AR39: Model | AS39: Ability to be detected
AR40: ChatGPT-4o | AS40: 82.777778
AR41: Claude Sonnet 4 | AS41: 86.388889
AR42: Qwen3-235b-a22b | AS42: 88.5
AR43: Gemini 2.5 Pro | AS43: 89.722222
AR44: Llama-4-Scout-nitro | AS44: 93.111111
AR45: Falcon-H1-3B-Instruct | AS45: 93.277778
AR46: Perplexity | AS46: 93.5
AR47: Grok-3 | AS47: 93.777778
AR48: Mistral Le Chat | AS48: 94.055556
AR49: DeepSeek V3 | AS49: 94.722222

Sheet Task 7-OOP
B2: Detecting Models
B3: ChatGPT-4o | F3: Gemini 2.5 Pro | J3: Claude Sonnet 4 | N3: Mistral Le Chat | R3: Perplexity | V3: DeepSeek V3 | Z3: Llama-4-Scout-nitro | AD3: Grok-3 | AH3: Qwen3-235b-a22b | AL3: Falcon-H1-3B-Instruct
A4: Generating Models | B4: Min Percent | C4: Max Percent | D4: Avg. Percent | E4: Suggested Models | F4: Min Percent | G4: Max Percent | H4: Avg. Percent | I4: Suggested Models | J4: Min Percent | K4: Max Percent | L4: Avg. Percent | M4: Suggested Models | N4: Min Percent | O4: Max Percent | P4: Avg. Percent | Q4: Suggested Models | R4: Min Percent | S4: Max Percent | T4: Avg. Percent | U4: Suggested Models | V4: Min Percent | W4: Max Percent | X4: Avg. Percent | Y4: Suggested Models | Z4: Min Percent | AA4: Max Percent | AB4: Avg. Percent | AC4: Suggested Models | AD4: Min Percent | AE4: Max Percent | AF4: Avg. Percent | AG4: Suggested Models | AH4: Min Percent | AI4: Max Percent | AJ4: Avg. Percent | AK4: Suggested Models | AL4: Min Percent | AM4: Max Percent | AN4: Avg. Percent | AO4: Suggested Models | AR4: Model | AS4: Ability to detect | AT4: Ability to be detected
A5: ChatGPT-4o | B5: 90 | C5: 95 | D5: =AVERAGE(B5:C5) -> 92.5 | E5: GPT-4 | F5: 95 | G5: 100 | H5: =AVERAGE(F5:G5) -> 97.5 | I5: GPT-3.5, GPT-4, Gemini | J5: 85 | K5: 90 | L5: =AVERAGE(J5:K5) -> 87.5 | M5: GPT-3.5, GPT-4 | N5: 95 | O5: 100 | P5: =AVERAGE(N5:O5) -> 97.5 | Q5: GPT 3.5, GPT-4, Gemini, Mistral AI | R5: 85 | S5: 90 | T5: =AVERAGE(R5:S5) -> 87.5 | U5: GPT-3.5, GPT-4 | X5: 100 | Y5: GPT-3.5, GPT-4 | AB5: 80 | AC5: BERT, RoBERTa | AF5: 100 | AG5: GPT-3.5, GPT-4 | AH5: 95 | AI5: 100 | AJ5: =AVERAGE(AH5:AI5) -> 97.5 | AK5: GPT-3.5, GPT-4 | AN5: 0 | AO5: NA | AR5: ChatGPT-4o | AS5: =D15 -> 94.25 | AT5: =AVERAGE(D5,H5,L5,T5,X5,AB5,AF5,AJ5,AN5) -> 82.5
A6: Gemini 2.5 Pro | B6: 85 | C6: 95 | D6: =AVERAGE(B6:C6) -> 90 | E6: GPT-4, Claude 3 | F6: 90 | G6: 100 | H6: =AVERAGE(F6:G6) -> 95 | I6: GPT-4, Gemini | J6: 70 | K6: 80 | L6: =AVERAGE(J6:K6) -> 75 | M6: GPT-3.5, GPT-4 | N6: 90 | O6: 100 | P6: =AVERAGE(N6:O6) -> 95 | Q6: GPT 3.5, GPT-4, Gemini, Mistral AI | R6: 80 | S6: 85 | T6: =AVERAGE(R6:S6) -> 82.5 | U6: GPT-3.5, GPT-4 | X6: 100 | Y6: GPT-3.5, GPT-4 | AB6: 90 | AC6: T5, Longformer | AF6: 100 | AG6: GPT-3.5, GPT-4 | AH6: 90 | AI6: 95 | AJ6: =AVERAGE(AH6:AI6) -> 92.5 | AK6: GPT-3.5, GPT-4 | AN6: 0 | AO6: NA | AR6: Gemini 2.5 Pro | AS6: =H15 -> 98.65 | AT6: =AVERAGE(D6,H6,L6,T6,X6,AB6,AF6,AJ6,AN6) -> 80.555556
A7: Claude Sonnet 4 | B7: 95 | C7: 100 | D7: =AVERAGE(B7:C7) -> 97.5 | E7: GPT-4, Claude 3 | F7: 95 | G7: 100 | H7: =AVERAGE(F7:G7) -> 97.5 | I7: GPT-3.5, GPT-4, Gemini | J7: 90 | K7: 95 | L7: =AVERAGE(J7:K7) -> 92.5 | M7: GPT-3.5, GPT-4 | N7: 95 | O7: 100 | P7: =AVERAGE(N7:O7) -> 97.5 | Q7: GPT 3.5, GPT-4, Gemini, Mistral AI | R7: 85 | S7: 90 | T7: =AVERAGE(R7:S7) -> 87.5 | U7: GPT-4 | X7: 100 | Y7: GPT-3.5, GPT-4 | AB7: 85 | AC7: BART, T5 | AF7: 100 | AG7: GPT-3.5, GPT-4 | AJ7: 85 | AK7: GPT-3.5, GPT-4 | AN7: 0 | AO7: NA | AR7: Claude Sonnet 4 | AS7: =L15 -> 85.55 | AT7: =AVERAGE(D7,H7,L7,T7,X7,AB7,AF7,AJ7,AN7) -> 82.777778
A8: Mistral Le Chat | B8: 95 | C8: 100 | D8: =AVERAGE(B8:C8) -> 97.5 | E8: GPT-4, Claude3, Gemini Advanced | F8: 99 | G8: 100 | H8: =AVERAGE(F8:G8) -> 99.5 | I8: GPT-4, Gemini | J8: 95 | K8: 98 | L8: =AVERAGE(J8:K8) -> 96.5 | M8: GPT-3.5, GPT-4 | N8: 98 | O8: 100 | P8: =AVERAGE(N8:O8) -> 99 | Q8: GPT-4, Gemini, Mistral AI | R8: 90 | S8: 95 | T8: =AVERAGE(R8:S8) -> 92.5 | U8: GPT-4 | X8: 100 | Y8: GPT-3.5, GPT-4 | AB8: 95 | AC8: RoBERTa, Longformer | AF8: 100 | AG8: GPT-3.5, GPT-4 | AJ8: 90 | AK8: GPT-4 | AN8: 0 | AO8: NA | AR8: Mistral Le Chat | AS8: =P15 -> 98.3 | AT8: =AVERAGE(D8,H8,L8,T8,X8,AB8,AF8,AJ8,AN8) -> 85.666667
A9: Perplexity | B9: 95 | C9: 100 | D9: =AVERAGE(B9:C9) -> 97.5 | E9: GPT-4, Claude 3 | F9: 95 | G9: 100 | H9: =AVERAGE(F9:G9) -> 97.5 | I9: GPT-3.5, GPT-4, Gemini | J9: 80 | K9: 85 | L9: =AVERAGE(J9:K9) -> 82.5 | M9: GPT-3.5, GPT-4 | N9: 95 | O9: 100 | P9: =AVERAGE(N9:O9) -> 97.5 | Q9: GPT 3.5, GPT-4, Gemini, Mistral AI | R9: 90 | S9: 95 | T9: =AVERAGE(R9:S9) -> 92.5 | U9: GPT-4 | X9: 100 | Y9: GPT-3.5, GPT-4 | AB9: 80 | AC9: BART, T5 | AF9: 100 | AG9: GPT-3.5, GPT-4 | AJ9: 90 | AK9: GPT-4 | AN9: 0 | AO9: NA | AR9: Perplexity | AS9: =T15 -> 90.5 | AT9: =AVERAGE(D9,H9,L9,T9,X9,AB9,AF9,AJ9,AN9) -> 82.222222
A10: DeepSeek V3 | B10: 95 | C10: 100 | D10: =AVERAGE(B10:C10) -> 97.5 | E10: GPT-4, Claude 3 | H10: 100 | I10: GPT-4, Gemini | J10: 95 | K10: 98 | L10: =AVERAGE(J10:K10) -> 96.5 | M10: GPT-3.5, GPT-4 | N10: 99 | O10: 100 | P10: =AVERAGE(N10:O10) -> 99.5 | Q10: GPT-4, Gemini, Mistral AI | R10: 90 | S10: 95 | T10: =AVERAGE(R10:S10) -> 92.5 | U10: GPT-4 | X10: 100 | Y10: GPT-3.5, GPT-4 | AB10: 90 | AC10: BART, T5 | AF10: 100 | AG10: GPT-3.5, GPT-4 | AJ10: 100 | AK10: early versions of GPT | AN10: 5 | AO10: NA | AR10: DeepSeek V3 | AS10: =X15 -> 100 | AT10: =AVERAGE(D10,H10,L10,T10,X10,AB10,AF10,AJ10,AN10) -> 86.833333
A11: Llama-4-Scout-nitro | B11: 90 | C11: 95 | D11: =AVERAGE(B11:C11) -> 92.5 | E11: GPT-4, Claude3, Gemini Advanced | H11: 100 | I11: GPT-4, Gemini | J11: 90 | K11: 95 | L11: =AVERAGE(J11:K11) -> 92.5 | M11: GPT-3.5, GPT-4 | N11: 99 | O11: 100 | P11: =AVERAGE(N11:O11) -> 99.5 | Q11: GPT-4, Gemini, Mistral AI | R11: 90 | S11: 95 | T11: =AVERAGE(R11:S11) -> 92.5 | U11: GPT-4 | X11: 100 | Y11: GPT-3.5, GPT-4 | AB11: 95 | AC11: RoBERTa, Longformer | AF11: 100 | AG11: GPT-3.5, GPT-4 | AJ11: 100 | AK11: GPT-3.5, GPT-4 | AN11: 10 | AO11: NA | AR11: Llama-4-Scout-nitro | AS11: =AB15 -> 87 | AT11: =AVERAGE(D11,H11,L11,T11,X11,AB11,AF11,AJ11,AN11) -> 86.944444
A12: Grok-3 | B12: 90 | C12: 95 | D12: =AVERAGE(B12:C12) -> 92.5 | E12: GPT-4, Claude3, Gemini Advanced | F12: 99 | G12: 100 | H12: =AVERAGE(F12:G12) -> 99.5 | I12: GPT-4, Gemini | J12: 75 | K12: 85 | L12: =AVERAGE(J12:K12) -> 80 | M12: GPT-3.5, GPT-4 | N12: 98 | O12: 100 | P12: =AVERAGE(N12:O12) -> 99 | Q12: GPT-4, Gemini, Mistral AI | R12: 90 | S12: 95 | T12: =AVERAGE(R12:S12) -> 92.5 | U12: GPT-4 | X12: 100 | Y12: GPT-3.5, GPT-4 | AB12: 85 | AC12: BART, T5 | AF12: 100 | AG12: GPT-3.5, GPT-4 | AJ12: 100 | AK12: GPT-3.5, GPT-4 | AN12: 15 | AO12: NA | AR12: Grok-3 | AS12: =AF15 -> 100 | AT12: =AVERAGE(D12,H12,L12,T12,X12,AB12,AF12,AJ12,AN12) -> 84.944444
A13: Qwen3-235b-a22b | B13: 90 | C13: 95 | D13: =AVERAGE(B13:C13) -> 92.5 | E13: GPT-4, Claude 3 | H13: 100 | I13: GPT-4, Gemini | J13: 60 | K13: 70 | L13: =AVERAGE(J13:K13) -> 65 | M13: GPT-4, Claude | N13: 99 | O13: 100 | P13: =AVERAGE(N13:O13) -> 99.5 | Q13: GPT-4, Gemini, Mistral AI | R13: 90 | S13: 95 | T13: =AVERAGE(R13:S13) -> 92.5 | U13: GPT-4 | X13: 100 | Y13: GPT-3.5, GPT-4 | AB13: 90 | AC13: T5, Longformer | AF13: 100 | AG13: GPT-3.5, GPT-4 | AJ13: 100 | AK13: GPT-3.5, GPT-4 | AN13: 12 | AO13: NA | AR13: Qwen3-235b-a22b | AS13: =AJ15 -> 95.5 | AT13: =AVERAGE(D13,H13,L13,T13,X13,AB13,AF13,AJ13,AN13) -> 83.555556
A14: Falcon-H1-3B-Instruct | B14: 90 | C14: 95 | D14: =AVERAGE(B14:C14) -> 92.5 | E14: GPT-4, Claude3, Gemini Advanced | H14: 100 | I14: GPT-4, Gemini | J14: 85 | K14: 90 | L14: =AVERAGE(J14:K14) -> 87.5 | M14: GPT-3.5, GPT-4 | N14: 98 | O14: 100 | P14: =AVERAGE(N14:O14) -> 99 | Q14: GPT-4, Gemini, Mistral AI | R14: 90 | S14: 95 | T14: =AVERAGE(R14:S14) -> 92.5 | U14: GPT-4 | X14: 100 | Y14: GPT-3.5, GPT-4 | AB14: 80 | AC14: BART, T5 | AF14: 100 | AG14: GPT-3.5, GPT-4 | AJ14: 100 | AK14: GPT-3.5, GPT-4 | AN14: 10 | AO14: NA | AR14: Falcon-H1-3B-Instruct | AS14: =AN15 -> 5.2 | AT14: =AVERAGE(D14,H14,L14,T14,X14,AB14,AF14,AJ14,AN14) -> 84.722222
A15: Mean | D15: =AVERAGE(D5:D14) -> 94.25 | H15: =AVERAGE(H5:H14) -> 98.65 | L15: =AVERAGE(L5:L14) -> 85.55 | P15: =AVERAGE(P5:P14) -> 98.3 | T15: =AVERAGE(T5:T14) -> 90.5 | X15: =AVERAGE(X5:X14) -> 100 | AB15: =AVERAGE(AB5:AB14) -> 87 | AF15: =AVERAGE(AF5:AF14) -> 100 | AJ15: =AVERAGE(AJ5:AJ14) -> 95.5 | AN15: =AVERAGE(AN5:AN14) -> 5.2
AR25: Model | AS25: Ability to detect
AR26: Falcon-H1-3B-Instruct | AS26: 5.2
AR27: Claude Sonnet 4 | AS27: 85.55
AR28: Llama-4-Scout-nitro | AS28: 87
AR29: Perplexity | AS29: 90.5
AR30: ChatGPT-4o | AS30: 94.25
AR31: Qwen3-235b-a22b | AS31: 95.5
AR32: Mistral Le Chat | AS32: 98.3
AR33: Gemini 2.5 Pro | AS33: 98.65
AR34: DeepSeek V3 | AS34: 100
AR35: Grok-3 | AS35: 100
AR39: Model | AS39: Ability to be detected
AR40: Gemini 2.5 Pro | AS40: 80.555556
AR41: Perplexity | AS41: 82.222222
AR42: ChatGPT-4o | AS42: 82.5
AR43: Claude Sonnet 4 | AS43: 82.777778
AR44: Qwen3-235b-a22b | AS44: 83.555556
AR45: Falcon-H1-3B-Instruct | AS45: 84.722222
AR46: Grok-3 | AS46: 84.944444
AR47: Mistral Le Chat | AS47: 85.666667
AR48: DeepSeek V3 | AS48: 86.833333
AR49: Llama-4-Scout-nitro | AS49: 86.944444

Sheet Task 8-PI
B2: Detecting Models
B3: ChatGPT-4o | F3: Gemini 2.5 Pro | J3: Claude Sonnet 4 | N3: Mistral Le Chat | R3: Perplexity | V3: DeepSeek V3 | Z3: Llama-4-Scout-nitro | AD3: Grok-3 | AH3: Qwen3-235b-a22b | AL3: Falcon-H1-3B-Instruct
A4: Generating Models | B4: Min Percent | C4: Max Percent | D4: Avg. Percent | E4: Suggested Models | F4: Min Percent | G4: Max Percent | H4: Avg. Percent | I4: Suggested Models | J4: Min Percent | K4: Max Percent | L4: Avg. Percent | M4: Suggested Models | N4: Min Percent | O4: Max Percent | P4: Avg. Percent | Q4: Suggested Models | R4: Min Percent | S4: Max Percent | T4: Avg. Percent | U4: Suggested Models | V4: Min Percent | W4: Max Percent | X4: Avg. Percent | Y4: Suggested Models | Z4: Min Percent | AA4: Max Percent | AB4: Avg. Percent | AC4: Suggested Models | AD4: Min Percent | AE4: Max Percent | AF4: Avg. Percent | AG4: Suggested Models | AH4: Min Percent | AI4: Max Percent | AJ4: Avg. Percent | AK4: Suggested Models | AL4: Min Percent | AM4: Max Percent | AN4: Avg. Percent | AO4: Suggested Models | AR4: Model | AS4: Ability to detect | AT4: Ability to be detected
A5: ChatGPT-4o | B5: 90 | C5: 100 | D5: =AVERAGE(B5:C5) -> 95 | E5: GPT-4 | H5: 100 | I5: GPT-3.5, GPT-4, Gemini | J5: 85 | K5: 90 | L5: =AVERAGE(J5:K5) -> 87.5 | M5: GPT-4, Claude | N5: 95 | O5: 100 | P5: =AVERAGE(N5:O5) -> 97.5 | Q5: GPT-4, Claude 3, Gemini 1.5 | R5: 90 | S5: 95 | T5: =AVERAGE(R5:S5) -> 92.5 | U5: GPT-3.5, GPT-4 | X5: 100 | Y5: GPT-4 | AB5: 80 | AC5: LLaMA, BERT | AF5: 100 | AG5: GPT-4, GPT-4o | AH5: 95 | AI5: 100 | AJ5: =AVERAGE(AH5:AI5) -> 97.5 | AK5: GPT-3.5 or GPT-4, Claude 2, Claude 3 | AL5: 60 | AM5: 70 | AN5: =AVERAGE(AL5:AM5) -> 65 | AO5: GPT-3, GPT-4 | AR5: ChatGPT-4o | AS5: =D15 -> 96 | AT5: =AVERAGE(D5,H5,L5,T5,X5,AB5,AF5,AJ5,AN5) -> 90.833333
A6: Gemini 2.5 Pro | B6: 90 | C6: 100 | D6: =AVERAGE(B6:C6) -> 95 | E6: GPT-4, Claude 3, Gemini 1.5 | H6: 100 | I6: GPT-4, Gemini | J6: 90 | K6: 95 | L6: =AVERAGE(J6:K6) -> 92.5 | M6: GPT-4 | N6: 90 | O6: 95 | P6: =AVERAGE(N6:O6) -> 92.5 | Q6: GPT-4, Claude 3, Gemini 1.5 | R6: 90 | S6: 95 | T6: =AVERAGE(R6:S6) -> 92.5 | U6: GPT-3.5, GPT-4 | V6: 80 | W6: 90 | X6: =AVERAGE(V6:W6) -> 85 | Y6: GPT-4 | AB6: 90 | AC6: BART, RoBERTa | AF6: 100 | AG6: GPT-4, GPT-4o | AH6: 90 | AI6: 95 | AJ6: =AVERAGE(AH6:AI6) -> 92.5 | AK6: GPT-4 | AL6: 40 | AM6: 50 | AN6: =AVERAGE(AL6:AM6) -> 45 | AO6: GPT-3, GPT-4 | AR6: Gemini 2.5 Pro | AS6: =H15 -> 76 | AT6: =AVERAGE(D6,H6,L6,T6,X6,AB6,AF6,AJ6,AN6) -> 88.055556
A7: Claude Sonnet 4 | B7: 95 | C7: 100 | D7: =AVERAGE(B7:C7) -> 97.5 | E7: GPT-4 | H7: 100 | I7: GPT-4, Gemini | J7: 80 | K7: 85 | L7: =AVERAGE(J7:K7) -> 82.5 | M7: GPT-4, Claude | N7: 10 | O7: 20 | P7: =AVERAGE(N7:O7) -> 15 | Q7: GPT-4, Claude 3, Gemini 1.5 | R7: 90 | S7: 95 | T7: =AVERAGE(R7:S7) -> 92.5 | U7: GPT-4 | X7: 100 | Y7: GPT-4 | AB7: 85 | AC7: LLaMA, BART | AF7: 100 | AG7: GPT-4, GPT-4o | AJ7: 100 | AK7: GPT-4, GPT-4o | AL7: 30 | AM7: 40 | AN7: =AVERAGE(AL7:AM7) -> 35 | AO7: GPT-3, GPT-4 | AR7: Claude Sonnet 4 | AS7: =L15 -> 72.25 | AT7: =AVERAGE(D7,H7,L7,T7,X7,AB7,AF7,AJ7,AN7) -> 88.055556
A8: Mistral Le Chat | B8: 95 | C8: 100 | D8: =AVERAGE(B8:C8) -> 97.5 | E8: GPT-4 | H8: 100 | I8: GPT-3.5 | J8: 95 | K8: 98 | L8: =AVERAGE(J8:K8) -> 96.5 | M8: GPT-3.5, GPT-4 | N8: 95 | O8: 100 | P8: =AVERAGE(N8:O8) -> 97.5 | Q8: GPT-4, Claude 3, Gemini 1.5 | R8: 85 | S8: 90 | T8: =AVERAGE(R8:S8) -> 87.5 | U8: GPT-4 | X8: 100 | Y8: GPT-4 | AB8: 70 | AC8: RoBERTa | AF8: 100 | AG8: GPT-4, GPT-4o | AH8: 95 | AI8: 100 | AJ8: =AVERAGE(AH8:AI8) -> 97.5 | AK8: GPT-4 | AL8: 40 | AM8: 50 | AN8: =AVERAGE(AL8:AM8) -> 45 | AO8: GPT-3, GPT-4 | AR8: Mistral Le Chat | AS8: =P15 -> 69.9 | AT8: =AVERAGE(D8,H8,L8,T8,X8,AB8,AF8,AJ8,AN8) -> 88.222222
A9: Perplexity | B9: 90 | C9: 100 | D9: =AVERAGE(B9:C9) -> 95 | E9: GPT-4 | H9: 0 | I9: NA | J9: 20 | K9: 25 | L9: =AVERAGE(J9:K9) -> 22.5 | M9: GPT-4, Claude | N9: 90 | O9: 95 | P9: =AVERAGE(N9:O9) -> 92.5 | Q9: GPT-4, Claude 3, Gemini 1.5 | R9: 88 | S9: 93 | T9: =AVERAGE(R9:S9) -> 90.5 | U9: GPT-4 | X9: 100 | Y9: GPT-4 | AB9: 80 | AC9: BART | AF9: 100 | AG9: GPT-4, GPT-4o | AJ9: 100 | AK9: GPT-4 | AL9: 50 | AM9: 60 | AN9: =AVERAGE(AL9:AM9) -> 55 | AO9: GPT-3, GPT-4 | AR9: Perplexity | AS9: =T15 -> 92.25 | AT9: =AVERAGE(D9,H9,L9,T9,X9,AB9,AF9,AJ9,AN9) -> 71.444444
A10: DeepSeek V3 | B10: 95 | C10: 100 | D10: =AVERAGE(B10:C10) -> 97.5 | E10: GPT-4, Claude | H10: 100 | I10: GPT-3.5, GPT-4, Gemini | J10: 92 | K10: 95 | L10: =AVERAGE(J10:K10) -> 93.5 | M10: GPT-3.5, GPT-4 | N10: 98 | O10: 100 | P10: =AVERAGE(N10:O10) -> 99 | Q10: GPT-4, Claude 3, Gemini 1.5 | R10: 92 | S10: 96 | T10: =AVERAGE(R10:S10) -> 94 | U10: GPT-4 | X10: 100 | Y10: GPT-4 | AB10: 80 | AC10: BERT, RoBERTa | AF10: 100 | AG10: GPT-4, GPT-4o | AJ10: 100 | AK10: GPT-4, GPT-4o | AL10: 50 | AM10: 60 | AN10: =AVERAGE(AL10:AM10) -> 55 | AO10: GPT-3, GPT-4 | AR10: DeepSeek V3 | AS10: =X15 -> 98.5 | AT10: =AVERAGE(D10,H10,L10,T10,X10,AB10,AF10,AJ10,AN10) -> 91.111111
A11: Llama-4-Scout-nitro | B11: 90 | C11: 100 | D11: =AVERAGE(B11:C11) -> 95 | E11: GPT-4, Claude 3, Gemini 1.5 | H11: 100 | I11: GPT-3.5 | J11: 90 | K11: 95 | L11: =AVERAGE(J11:K11) -> 92.5 | M11: GPT-3.5, GPT-4 | N11: 95 | O11: 100 | P11: =AVERAGE(N11:O11) -> 97.5 | Q11: GPT-4, Claude 3, Gemini 1.5 | R11: 90 | S11: 94 | T11: =AVERAGE(R11:S11) -> 92 | U11: GPT-4 | X11: 100 | Y11: GPT-4 | AB11: 90 | AC11: T5, BART | AF11: 100 | AG11: GPT-4, GPT-4o | AJ11: 100 | AK11: GPT-4 | AL11: 40 | AM11: 50 | AN11: =AVERAGE(AL11:AM11) -> 45 | AO11: GPT-3, GPT-4 | AR11: Llama-4-Scout-nitro | AS11: =AB15 -> 83 | AT11: =AVERAGE(D11,H11,L11,T11,X11,AB11,AF11,AJ11,AN11) -> 90.5
A12: Grok-3 | B12: 90 | C12: 100 | D12: =AVERAGE(B12:C12) -> 95 | E12: GPT-4, Claude 3 | F12: 0 | G12: 20 | H12: =AVERAGE(F12:G12) -> 10 | I12: GPT-4, Claude 3 | J12: 25 | K12: 30 | L12: =AVERAGE(J12:K12) -> 27.5 | M12: NA | N12: 10 | O12: 15 | P12: =AVERAGE(N12:O12) -> 12.5 | Q12: NA | R12: 92 | S12: 95 | T12: =AVERAGE(R12:S12) -> 93.5 | U12: GPT-4 | X12: 100 | Y12: GPT-4 | AB12: 85 | AC12: LLaMA, BART | AF12: 100 | AG12: GPT-4, GPT-4o | AJ12: 100 | AK12: GPT-4 | AL12: 20 | AM12: 30 | AN12: =AVERAGE(AL12:AM12) -> 25 | AO12: GPT-3, GPT-4 | AR12: Grok-3 | AS12: =AF15 -> 100 | AT12: =AVERAGE(D12,H12,L12,T12,X12,AB12,AF12,AJ12,AN12) -> 70.666667
A13: Qwen3-235b-a22b | B13: 95 | C13: 100 | D13: =AVERAGE(B13:C13) -> 97.5 | E13: GPT-4, Claude 3 | F13: 40 | G13: 60 | H13: =AVERAGE(F13:G13) -> 50 | I13: GPT-4, Claude 3 | L13: 40 | M13: GPT-4, Claude | N13: 5 | O13: 10 | P13: =AVERAGE(N13:O13) -> 7.5 | Q13: NA | R13: 93 | S13: 97 | T13: =AVERAGE(R13:S13) -> 95 | U13: GPT-4 | X13: 100 | Y13: GPT-4 | AB13: 90 | AC13: LLaMA, BART | AF13: 100 | AG13: GPT-4, GPT-4o | AJ13: 100 | AK13: GPT-4 | AL13: 10 | AM13: 20 | AN13: =AVERAGE(AL13:AM13) -> 15 | AO13: GPT-3, GPT-4 | AR13: Qwen3-235b-a22b | AS13: =AJ15 -> 98.75 | AT13: =AVERAGE(D13,H13,L13,T13,X13,AB13,AF13,AJ13,AN13) -> 76.388889
A14: Falcon-H1-3B-Instruct | B14: 90 | C14: 100 | D14: =AVERAGE(B14:C14) -> 95 | E14: GPT-4, Claude 3 | H14: 100 | I14: GPT-3.5 | J14: 85 | K14: 90 | L14: =AVERAGE(J14:K14) -> 87.5 | M14: GPT-3.5 | N14: 85 | O14: 90 | P14: =AVERAGE(N14:O14) -> 87.5 | Q14: GPT-4, Claude 3, Gemini 1.5 | R14: 90 | S14: 95 | T14: =AVERAGE(R14:S14) -> 92.5 | U14: GPT-4 | X14: 100 | Y14: GPT-4 | AB14: 80 | AC14: BART | AF14: 100 | AG14: GPT-4, GPT-4o | AJ14: 100 | AK14: GPT-3.5 or GPT-4 | AL14: 20 | AM14: 30 | AN14: =AVERAGE(AL14:AM14) -> 25 | AO14: GPT-3, GPT-4 | AR14: Falcon-H1-3B-Instruct | AS14: =AN15 -> 41 | AT14: =AVERAGE(D14,H14,L14,T14,X14,AB14,AF14,AJ14,AN14) -> 86.666667
A15: Mean | D15: =AVERAGE(D5:D14) -> 96 | H15: =AVERAGE(H5:H14) -> 76 | L15: =AVERAGE(L5:L14) -> 72.25 | P15: =AVERAGE(P5:P14) -> 69.9 | T15: =AVERAGE(T5:T14) -> 92.25 | X15: =AVERAGE(X5:X14) -> 98.5 | AB15: =AVERAGE(AB5:AB14) -> 83 | AF15: =AVERAGE(AF5:AF14) -> 100 | AJ15: =AVERAGE(AJ5:AJ14) -> 98.75 | AN15: =AVERAGE(AN5:AN14) -> 41
AR25: Model | AS25: Ability to detect
AR26: Falcon-H1-3B-Instruct | AS26: 41
AR27: Mistral Le Chat | AS27: 69.9
AR28: Claude Sonnet 4 | AS28: 72.25
AR29: Gemini 2.5 Pro | AS29: 76
AR30: Llama-4-Scout-nitro | AS30: 83
AR31: Perplexity | AS31: 92.25
AR32: ChatGPT-4o | AS32: 96
AR33: DeepSeek V3 | AS33: 98.5
AR34: Qwen3-235b-a22b | AS34: 98.75
AR35: Grok-3 | AS35: 100
AR39: Model | AS39: Ability to be detected
AR40: Grok-3 | AS40: 70.666667
AR41: Perplexity | AS41: 71.444444
AR42: Qwen3-235b-a22b | AS42: 76.388889
AR43: Falcon-H1-3B-Instruct | AS43: 86.666667
AR44: Gemini 2.5 Pro | AS44: 88.055556
AR45: Claude Sonnet 4 | AS45: 88.055556
AR46: Mistral Le Chat | AS46: 88.222222
AR47: Llama-4-Scout-nitro | AS47: 90.5
AR48: ChatGPT-4o | AS48: 90.833333
AR49: DeepSeek V3 | AS49: 91.111111

Sheet Task 9-RM
B2: Detecting Models
B3: ChatGPT-4o | F3: Gemini 2.5 Pro | J3: Claude Sonnet 4 | N3: Mistral Le Chat | R3: Perplexity | V3: DeepSeek V3 | Z3: Llama-4-Scout-nitro | AD3: Grok-3 | AH3: Qwen3-235b-a22b | AL3: Falcon-H1-3B-Instruct
A4: Generating Models | B4: Min Percent | C4: Max Percent | D4: Avg. Percent | E4: Suggested Models | F4: Min Percent | G4: Max Percent | H4: Avg. Percent | I4: Suggested Models | J4: Min Percent | K4: Max Percent | L4: Avg. Percent | M4: Suggested Models | N4: Min Percent | O4: Max Percent | P4: Avg. Percent | Q4: Suggested Models | R4: Min Percent | S4: Max Percent | T4: Avg. Percent | U4: Suggested Models | V4: Min Percent | W4: Max Percent | X4: Avg. Percent | Y4: Suggested Models | Z4: Min Percent | AA4: Max Percent | AB4: Avg. Percent | AC4: Suggested Models | AD4: Min Percent | AE4: Max Percent | AF4: Avg. Percent | AG4: Suggested Models | AH4: Min Percent | AI4: Max Percent | AJ4: Avg. Percent | AK4: Suggested Models | AL4: Min Percent | AM4: Max Percent | AN4: Avg. Percent | AO4: Suggested Models | AR4: Model | AS4: Ability to detect | AT4: Ability to be detected
A5: ChatGPT-4o | B5: 95 | C5: 100 | D5: =AVERAGE(B5:C5) -> 97.5 | E5: GPT-4 | H5: 100 | I5: GPT-4, Gemini | J5: 85 | K5: 90 | L5: =AVERAGE(J5:K5) -> 87.5 | M5: GPT-3.5, GPT-4, Claude | N5: 95 | O5: 100 | P5: =AVERAGE(N5:O5) -> 97.5 | Q5: GPT-4, Claude | R5: 85 | S5: 90 | T5: =AVERAGE(R5:S5) -> 87.5 | U5: GPT-4, Claude | X5: 100 | Y5: GPT-4 | AB5: 80 | AC5: LLaMA, Longformer | AF5: 100 | AG5: GPT-3.5, GPT-4 | AH5: 80 | AI5: 90 | AJ5: =AVERAGE(AH5:AI5) -> 85 | AK5: Qwen-2, GPT-4 | AN5: 0 | AO5: NA | AR5: ChatGPT-4o | AS5: =D15 -> 95.65 | AT5: =AVERAGE(D5,H5,L5,T5,X5,AB5,AF5,AJ5,AN5) -> 81.944444
A6: Gemini 2.5 Pro | B6: 90 | C6: 100 | D6: =AVERAGE(B6:C6) -> 95 | E6: GPT-4 | H6: 100 | I6: GPT-4, Gemini | J6: 15 | K6: 25 | L6: =AVERAGE(J6:K6) -> 20 | M6: GPT-4, Claude | N6: 90 | O6: 98 | P6: =AVERAGE(N6:O6) -> 94 | Q6: GPT-4, Claude 3 | R6: 90 | S6: 95 | T6: =AVERAGE(R6:S6) -> 92.5 | U6: Gemini | X6: 100 | Y6: GPT-4 | AB6: 90 | AC6: LLaMA, BERT | AF6: 100 | AG6: GPT-3.5, GPT-4 | AH6: 70 | AI6: 80 | AJ6: =AVERAGE(AH6:AI6) -> 75 | AK6: GPT-3.5, PaLM, Llama-2 | AN6: 0 | AO6: NA | AR6: Gemini 2.5 Pro | AS6: =H15 -> 100 | AT6: =AVERAGE(D6,H6,L6,T6,X6,AB6,AF6,AJ6,AN6) -> 74.722222
A7: Claude Sonnet 4 | B7: 95 | C7: 100 | D7: =AVERAGE(B7:C7) -> 97.5 | E7: GPT-4 | H7: 100 | I7: GPT-4, Gemini | J7: 95 | K7: 98 | L7: =AVERAGE(J7:K7) -> 96.5 | M7: GPT-4, Claude 3 | N7: 95 | O7: 100 | P7: =AVERAGE(N7:O7) -> 97.5 | Q7: GPT-4, Claude 3 | R7: 90 | S7: 95 | T7: =AVERAGE(R7:S7) -> 92.5 | U7: GPT-4 | X7: 100 | Y7: GPT-4 | AB7: 95 | AC7: LLaMA, T5 | AF7: 100 | AG7: GPT-4, GPT-4o | AH7: 95 | AI7: 100 | AJ7: =AVERAGE(AH7:AI7) -> 97.5 | AK7: GPT-4, Claude 3 | AN7: 0 | AO7: NA | AR7: Claude Sonnet 4 | AS7: =L15 -> 84.7 | AT7: =AVERAGE(D7,H7,L7,T7,X7,AB7,AF7,AJ7,AN7) -> 86.555556
A8: Mistral Le Chat | B8: 90 | C8: 100 | D8: =AVERAGE(B8:C8) -> 95 | E8: GPT-4 | H8: 100 | I8: GPT-3.5, GPT-4, Gemini | J8: 90 | K8: 95 | L8: =AVERAGE(J8:K8) -> 92.5 | M8: GPT-3.5, GPT-4 | N8: 95 | O8: 100 | P8: =AVERAGE(N8:O8) -> 97.5 | Q8: GPT-4, Claude 3 | R8: 85 | S8: 90 | T8: =AVERAGE(R8:S8) -> 87.5 | U8: GPT-4 | X8: 100 | Y8: GPT-4 | AB8: 80 | AC8: LLaMA, BART | AF8: 100 | AG8: GPT-4, GPT-4o | AH8: 95 | AI8: 100 | AJ8: =AVERAGE(AH8:AI8) -> 97.5 | AK8: GPT-4, Claude 3 | AN8: 0 | AO8: NA | AR8: Mistral Le Chat | AS8: =P15 -> 80.35 | AT8: =AVERAGE(D8,H8,L8,T8,X8,AB8,AF8,AJ8,AN8) -> 83.611111
A9: Perplexity | B9: 90 | C9: 100 | D9: =AVERAGE(B9:C9) -> 95 | E9: GPT-4 | H9: 100 | I9: GPT-4, Gemini | J9: 85 | K9: 90 | L9: =AVERAGE(J9:K9) -> 87.5 | M9: GPT-3.5, GPT-4, Claude 2/3 | N9: 98 | O9: 100 | P9: =AVERAGE(N9:O9) -> 99 | Q9: GPT-4, Claude 3 | R9: 85 | S9: 90 | T9: =AVERAGE(R9:S9) -> 87.5 | U9: GPT-4 | X9: 100 | Y9: GPT-4 | AB9: 85 | AC9: LLaMA, T5 | AF9: 100 | AG9: GPT-3.5, GPT-4 | AH9: 90 | AI9: 100 | AJ9: =AVERAGE(AH9:AI9) -> 95 | AK9: GPT-3.5, Llama 2 | AN9: 0 | AO9: NA | AR9: Perplexity | AS9: =T15 -> 89 | AT9: =AVERAGE(D9,H9,L9,T9,X9,AB9,AF9,AJ9,AN9) -> 83.333333
A10: DeepSeek V3 | B10: 95 | C10: 100 | D10: =AVERAGE(B10:C10) -> 97.5 | E10: GPT-4 | H10: 100 | I10: GPT-3.5, Gemini | J10: 95 | K10: 98 | L10: =AVERAGE(J10:K10) -> 96.5 | M10: GPT-4, Claude 3 | N10: 99 | O10: 100 | P10: =AVERAGE(N10:O10) -> 99.5 | Q10: GPT-4, Claude 3 | R10: 85 | S10: 90 | T10: =AVERAGE(R10:S10) -> 87.5 | U10: GPT-4 | X10: 100 | Y10: GPT-4 | AB10: 90 | AC10: LLaMA, T5 | AF10: 100 | AG10: GPT-4, GPT-4o | AH10: 90 | AI10: 100 | AJ10: =AVERAGE(AH10:AI10) -> 95 | AK10: GPT-3.5, Llama 2 | AN10: 0 | AO10: NA | AR10: DeepSeek V3 | AS10: =X15 -> 100 | AT10: =AVERAGE(D10,H10,L10,T10,X10,AB10,AF10,AJ10,AN10) -> 85.166667
A11: Llama-4-Scout-nitro | B11: 90 | C11: 95 | D11: =AVERAGE(B11:C11) -> 92.5 | E11: GPT-4 | H11: 100 | I11: GPT-3.5, Gemini | J11: 90 | K11: 95 | L11: =AVERAGE(J11:K11) -> 92.5 | M11: GPT-3.5, GPT-4, Claude | N11: 99 | O11: 100 | P11: =AVERAGE(N11:O11) -> 99.5 | Q11: GPT-4, Claude 3 | R11: 85 | S11: 90 | T11: =AVERAGE(R11:S11) -> 87.5 | U11: GPT-4 | X11: 100 | Y11: GPT-4 | AB11: 80 | AC11: LLaMA, BART | AF11: 100 | AG11: GPT-3.5, GPT-4 | AH11: 90 | AI11: 100 | AJ11: =AVERAGE(AH11:AI11) -> 95 | AK11: GPT-3.5, Llama 2 | AN11: 0 | AO11: NA | AR11: Llama-4-Scout-nitro | AS11: =AB15 -> 86 | AT11: =AVERAGE(D11,H11,L11,T11,X11,AB11,AF11,AJ11,AN11) -> 83.055556
A12: Grok-3 | B12: 90 | C12: 100 | D12: =AVERAGE(B12:C12) -> 95 | E12: GPT-4 | H12: 100 | I12: GPT-4, Gemini | J12: 85 | K12: 90 | L12: =AVERAGE(J12:K12) -> 87.5 | M12: GPT-4, Claude 3 | N12: 0 | O12: 30 | P12: =AVERAGE(N12:O12) -> 15 | Q12: GPT-4, Claude 3 | R12: 85 | S12: 90 | T12: =AVERAGE(R12:S12) -> 87.5 | U12: GPT-4 | X12: 100 | Y12: GPT-4 | AB12: 90 | AC12: LLaMA, T5 | AF12: 100 | AG12: GPT-4, GPT-4o | AH12: 95 | AI12: 100 | AJ12: =AVERAGE(AH12:AI12) -> 97.5 | AK12: GPT-4, Claude 3 | AN12: 0 | AO12: NA | AR12: Grok-3 | AS12: =AF15 -> 100 | AT12: =AVERAGE(D12,H12,L12,T12,X12,AB12,AF12,AJ12,AN12) -> 84.166667
A13: Qwen3-235b-a22b | B13: 98 | C13: 100 | D13: =AVERAGE(B13:C13) -> 99 | E13: GPT-4 | H13: 100 | I13: GPT-4, Gemini | J13: 95 | K13: 98 | L13: =AVERAGE(J13:K13) -> 96.5 | M13: GPT-4, Claude 3 Opus | N13: 90 | O13: 98 | P13: =AVERAGE(N13:O13) -> 94 | Q13: GPT-4, Claude 3 | R13: 90 | S13: 95 | T13: =AVERAGE(R13:S13) -> 92.5 | U13: GPT-4 | X13: 100 | Y13: GPT-4 | AB13: 90 | AC13: LLaMA, T5 | AF13: 100 | AG13: GPT-4, GPT-4o | AH13: 95 | AI13: 100 | AJ13: =AVERAGE(AH13:AI13) -> 97.5 | AK13: GPT-4, Claude 3 | AN13: 0 | AO13: NA | AR13: Qwen3-235b-a22b | AS13: =AJ15 -> 93.25 | AT13: =AVERAGE(D13,H13,L13,T13,X13,AB13,AF13,AJ13,AN13) -> 86.166667
A14: Falcon-H1-3B-Instruct | B14: 90 | C14: 95 | D14: =AVERAGE(B14:C14) -> 92.5 | E14: GPT-4 | H14: 100 | I14: GPT-4, Gemini | J14: 88 | K14: 92 | L14: =AVERAGE(J14:K14) -> 90 | M14: GPT-3.5, GPT-4 | N14: 0 | O14: 20 | P14: =AVERAGE(N14:O14) -> 10 | Q14: GPT-4, Claude 3 | R14: 85 | S14: 90 | T14: =AVERAGE(R14:S14) -> 87.5 | U14: GPT-4 | X14: 100 | Y14: GPT-4 | AB14: 80 | AC14: LLaMA, BART | AF14: 100 | AG14: GPT-4, Claude 3 | AH14: 95 | AI14: 100 | AJ14: =AVERAGE(AH14:AI14) -> 97.5 | AK14: GPT-3.5, Llama 2 | AN14: 0 | AO14: NA | AR14: Falcon-H1-3B-Instruct | AS14: =AN15 -> 0 | AT14: =AVERAGE(D14,H14,L14,T14,X14,AB14,AF14,AJ14,AN14) -> 83.055556
A15: Mean | D15: =AVERAGE(D5:D14) -> 95.65 | H15: =AVERAGE(H5:H14) -> 100 | L15: =AVERAGE(L5:L14) -> 84.7 | P15: =AVERAGE(P5:P14) -> 80.35 | T15: =AVERAGE(T5:T14) -> 89 | X15: =AVERAGE(X5:X14) -> 100 | AB15: =AVERAGE(AB5:AB14) -> 86 | AF15: =AVERAGE(AF5:AF14) -> 100 | AJ15: =AVERAGE(AJ5:AJ14) -> 93.25 | AN15: =AVERAGE(AN5:AN14) -> 0
AR25: Model | AS25: Ability to detect
AR26: Falcon-H1-3B-Instruct | AS26: 0
AR27: Mistral Le Chat | AS27: 80.35
AR28: Claude Sonnet 4 | AS28: 84.7
AR29: Llama-4-Scout-nitro | AS29: 86
AR30: Perplexity | AS30: 89
AR31: Qwen3-235b-a22b | AS31: 93.25
AR32: ChatGPT-4o | AS32: 95.65
AR33: Gemini 2.5 Pro | AS33: 100
AR34: DeepSeek V3 | AS34: 100
AR35: Grok-3 | AS35: 100
AR39: Model | AS39: Ability to be detected
AR40: Gemini 2.5 Pro | AS40: 74.722222
AR41: ChatGPT-4o | AS41: 81.944444
AR42: Llama-4-Scout-nitro | AS42: 83.055556
AR43: Falcon-H1-3B-Instruct | AS43: 83.055556
AR44: Perplexity | AS44: 83.333333
AR45: Mistral Le Chat | AS45: 83.611111
AR46: Grok-3 | AS46: 84.166667
AR47: DeepSeek V3 | AS47: 85.166667
AR48: Qwen3-235b-a22b | AS48: 86.166667
AR49: Claude Sonnet 4 | AS49: 86.555556

Sheet Task 10-SA
B2: Detecting Models
B3: ChatGPT-4o | F3: Gemini 2.5 Pro | J3: Claude Sonnet 4 | N3: Mistral Le Chat | R3: Perplexity | V3: DeepSeek V3 | Z3: Llama-4-Scout-nitro | AD3: Grok-3 | AH3: Qwen3-235b-a22b | AL3: Falcon-H1-3B-Instruct
A4: Generating Models | B4: Min Percent | C4: Max Percent | D4: Avg. Percent | E4: Suggested Models | F4: Min Percent | G4: Max Percent | H4: Avg. Percent | I4: Suggested Models | J4: Min Percent | K4: Max Percent | L4: Avg. Percent | M4: Suggested Models | N4: Min Percent | O4: Max Percent | P4: Avg. Percent | Q4: Suggested Models | R4: Min Percent | S4: Max Percent | T4: Avg. Percent | U4: Suggested Models | V4: Min Percent | W4: Max Percent | X4: Avg. Percent | Y4: Suggested Models | Z4: Min Percent | AA4: Max Percent | AB4: Avg. Percent | AC4: Suggested Models | AD4: Min Percent | AE4: Max Percent | AF4: Avg. Percent | AG4: Suggested Models | AH4: Min Percent | AI4: Max Percent | AJ4: Avg. Percent | AK4: Suggested Models | AL4: Min Percent | AM4: Max Percent | AN4: Avg. Percent | AO4: Suggested Models | AR4: Model | AS4: Ability to detect | AT4: Ability to be detected
A5: ChatGPT-4o | B5: 95 | C5: 100 | D5: =AVERAGE(B5:C5) -> 97.5 | E5: GPT-4, GPT-3.5 | H5: 100 | I5: GPT-3.5, GPT-4, Gemini | L5: 100 | M5: GPT-3.5, GPT-4 | N5: 95 | O5: 100 | P5: =AVERAGE(N5:O5) -> 97.5 | Q5: GPT-4, Gemini, Claude | R5: 85 | S5: 90 | T5: =AVERAGE(R5:S5) -> 87.5 | U5: GPT-3.5, GPT-4 | X5: 100 | Y5: GPT-3.5, GPT-4 | AB5: 80 | AC5: LLaMA, T5 | AF5: 100 | AG5: GPT-3.5 or GPT-4 | AH5: 80 | AI5: 90 | AJ5: =AVERAGE(AH5:AI5) -> 85 | AK5: GPT-4 | AN5: 0 | AO5: NA | AR5: ChatGPT-4o | AS5: =D15 -> 96 | AT5: =AVERAGE(D5,H5,L5,T5,X5,AB5,AF5,AJ5,AN5) -> 83.333333
A6: Gemini 2.5 Pro | B6: 90 | C6: 100 | D6: =AVERAGE(B6:C6) -> 95 | E6: GPT-4, GPT-3.5 | H6: 100 | I6: GPT-4, Gemini | J6: 85 | K6: 90 | L6: =AVERAGE(J6:K6) -> 87.5 | M6: GPT-4 | N6: 90 | O6: 95 | P6: =AVERAGE(N6:O6) -> 92.5 | Q6: GPT-4, Gemini, Claude | R6: 95 | S6: 100 | T6: =AVERAGE(R6:S6) -> 97.5 | U6: GPT-4 | X6: 100 | Y6: GPT-3.5, GPT-4 | AB6: 90 | AC6: LLaMA, T5 | AF6: 80 | AG6: GPT-3.5 or GPT-4 | AH6: 85 | AI6: 95 | AJ6: =AVERAGE(AH6:AI6) -> 90 | AK6: GPT-4 | AN6: 0 | AO6: NA | AR6: Gemini 2.5 Pro | AS6: =H15 -> 100 | AT6: =AVERAGE(D6,H6,L6,T6,X6,AB6,AF6,AJ6,AN6) -> 82.222222
A7: Claude Sonnet 4 | B7: 95 | C7: 100 | D7: =AVERAGE(B7:C7) -> 97.5 | E7: GPT-4, GPT-3.5 | H7: 100 | I7: GPT-4, Gemini | J7: 70 | K7: 80 | L7: =AVERAGE(J7:K7) -> 75 | M7: GPT-4, Claude | N7: 95 | O7: 100 | P7: =AVERAGE(N7:O7) -> 97.5 | Q7: GPT-4, Gemini, Claude | R7: 85 | S7: 95 | T7: =AVERAGE(R7:S7) -> 90 | U7: GPT-4 | X7: 100 | Y7: GPT-3.5, GPT-4 | AB7: 85 | AC7: LLaMA, T5 | AF7: 90 | AG7: GPT-3.5 or GPT-4 | AH7: 85 | AI7: 95 | AJ7: =AVERAGE(AH7:AI7) -> 90 | AK7: GPT-4 | AN7: 0 | AO7: NA | AR7: Claude Sonnet 4 | AS7: =L15 -> 83.5 | AT7: =AVERAGE(D7,H7,L7,T7,X7,AB7,AF7,AJ7,AN7) -> 80.833333
A8: Mistral Le Chat | B8: 90 | C8: 100 | D8: =AVERAGE(B8:C8) -> 95 | E8: GPT-4, GPT-3.5 | H8: 100 | I8: GPT-3.5, GPT-4, Gemini | J8: 95 | K8: 100 | L8: =AVERAGE(J8:K8) -> 97.5 | M8: GPT-3.5, GPT-4 | N8: 95 | O8: 100 | P8: =AVERAGE(N8:O8) -> 97.5 | Q8: GPT-4, Gemini, Claude | R8: 90 | S8: 95 | T8: =AVERAGE(R8:S8) -> 92.5 | U8: GPT-4 | X8: 100 | Y8: GPT-3.5, GPT-4 | AB8: 80 | AC8: LLaMA, T5 | AF8: 95 | AG8: GPT-3.5 or GPT-4 | AH8: 90 | AI8: 100 | AJ8: =AVERAGE(AH8:AI8) -> 95 | AK8: GPT-4 | AN8: 0 | AO8: NA | AR8: Mistral Le Chat | AS8: =P15 -> 80.25 | AT8: =AVERAGE(D8,H8,L8,T8,X8,AB8,AF8,AJ8,AN8) -> 83.888889
A9: Perplexity | B9: 95 | C9: 100 | D9: =AVERAGE(B9:C9) -> 97.5 | E9: GPT-4, GPT-3.5 | H9: 100 | I9: GPT-4, Gemini | J9: 90 | K9: 95 | L9: =AVERAGE(J9:K9) -> 92.5 | M9: GPT-4 | N9: 95 | O9: 100 | P9: =AVERAGE(N9:O9) -> 97.5 | Q9: GPT-4, Gemini, Claude | R9: 90 | S9: 95 | T9: =AVERAGE(R9:S9) -> 92.5 | U9: GPT-4 | X9: 100 | Y9: GPT-3.5, GPT-4 | AB9: 85 | AC9: LLaMA, T5 | AF9: 90 | AG9: GPT-3.5 or GPT-4 | AH9: 90 | AI9: 100 | AJ9: =AVERAGE(AH9:AI9) -> 95 | AK9: GPT-4 | AN9: 0 | AO9: NA | AR9: Perplexity | AS9: =T15 -> 91.75 | AT9: =AVERAGE(D9,H9,L9,T9,X9,AB9,AF9,AJ9,AN9) -> 83.611111
A10: DeepSeek V3 | B10: 95 | C10: 100 | D10: =AVERAGE(B10:C10) -> 97.5 | E10: GPT-4 | H10: 100 | I10: GPT-3.5, GPT-4, Gemini | L10: 100 | M10: GPT-4 | N10: 95 | O10: 100 | P10: =AVERAGE(N10:O10) -> 97.5 | Q10: GPT-4, Gemini, Claude | R10: 90 | S10: 95 | T10: =AVERAGE(R10:S10) -> 92.5 | U10: GPT-4 | X10: 100 | Y10: GPT-3.5, GPT-4 | AB10: 90 | AC10: LLaMA, T5 | AF10: 95 | AG10: GPT-3.5 or GPT-4 | AH10: 95 | AI10: 100 | AJ10: =AVERAGE(AH10:AI10) -> 97.5 | AK10: GPT-4 | AN10: 0 | AO10: NA | AR10: DeepSeek V3 | AS10: =X15 -> 98.5 | AT10: =AVERAGE(D10,H10,L10,T10,X10,AB10,AF10,AJ10,AN10) -> 85.833333
A11: Llama-4-Scout-nitro | B11: 90 | C11: 100 | D11: =AVERAGE(B11:C11) -> 95 | E11: GPT-4 | H11: 100 | I11: GPT-3.5 | L11: 100 | M11: GPT-3.5, GPT-4 | N11: 95 | O11: 100 | P11: =AVERAGE(N11:O11) -> 97.5 | Q11: GPT-4, Gemini, Claude | R11: 90 | S11: 95 | T11: =AVERAGE(R11:S11) -> 92.5 | U11: GPT-4 | X11: 100 | Y11: GPT-3.5, GPT-4 | AB11: 85 | AC11: LLaMA, T5 | AF11: 95 | AG11: GPT-3.5 or GPT-4 | AH11: 95 | AI11: 100 | AJ11: =AVERAGE(AH11:AI11) -> 97.5 | AK11: GPT-4 | AN11: 0 | AO11: NA | AR11: Llama-4-Scout-nitro | AS11: =AB15 -> 85 | AT11: =AVERAGE(D11,H11,L11,T11,X11,AB11,AF11,AJ11,AN11) -> 85
A12: Grok-3 | B12: 90 | C12: 100 | D12: =AVERAGE(B12:C12) -> 95 | E12: GPT-4 | H12: 100 | I12: GPT-4, Gemini | J12: 60 | K12: 70 | L12: =AVERAGE(J12:K12) -> 65 | M12: GPT-4, Claude | N12: 20 | O12: 30 | P12: =AVERAGE(N12:O12) -> 25 | Q12: NA | R12: 85 | S12: 95 | T12: =AVERAGE(R12:S12) -> 90 | U12: GPT-4 | X12: 100 | Y12: GPT-3.5, GPT-4 | AB12: 80 | AC12: LLaMA, T5 | AF12: 90 | AG12: GPT-3.5 or GPT-4 | AH12: 95 | AI12: 100 | AJ12: =AVERAGE(AH12:AI12) -> 97.5 | AK12: GPT-4 | AN12: 0 | AO12: NA | AR12: Grok-3 | AS12: =AF15 -> 91 | AT12: =AVERAGE(D12,H12,L12,T12,X12,AB12,AF12,AJ12,AN12) -> 79.722222
A13: Qwen3-235b-a22b | B13: 90 | C13: 100 | D13: =AVERAGE(B13:C13) -> 95 | E13: GPT-4 | H13: 100 | I13: GPT-4, Gemini Advanced | J13: 20 | K13: 30 | L13: =AVERAGE(J13:K13) -> 25 | M13: GPT-4 | N13: 5 | O13: 10 | P13: =AVERAGE(N13:O13) -> 7.5 | Q13: NA | R13: 90 | S13: 95 | T13: =AVERAGE(R13:S13) -> 92.5 | U13: GPT-4 | V13: 80 | W13: 90 | X13: =AVERAGE(V13:W13) -> 85 | Y13: GPT-3.5, GPT-4 | AB13: 85 | AC13: LLaMA, T5 | AF13: 80 | AG13: GPT-3.5 or GPT-4 | AH13: 95 | AI13: 100 | AJ13: =AVERAGE(AH13:AI13) -> 97.5 | AK13: GPT-4 | AN13: 0 | AO13: NA | AR13: Qwen3-235b-a22b | AS13: =AJ15 -> 94.25 | AT13: =AVERAGE(D13,H13,L13,T13,X13,AB13,AF13,AJ13,AN13) -> 73.333333
A14: Falcon-H1-3B-Instruct | B14: 90 | C14: 100 | D14: =AVERAGE(B14:C14) -> 95 | E14: GPT-4, GPT-3.5 | H14: 100 | I14: GPT-3, GPT-3.5 | J14: 90 | K14: 95 | L14: =AVERAGE(J14:K14) -> 92.5 | M14: GPT-3.5, GPT-4 | N14: 90 | O14: 95 | P14: =AVERAGE(N14:O14) -> 92.5 | Q14: GPT-4, Gemini, Claude | R14: 85 | S14: 95 | T14: =AVERAGE(R14:S14) -> 90 | U14: GPT-4 | X14: 100 | Y14: GPT-3.5, GPT-4 | AB14: 90 | AC14: LLaMA, T5 | AF14: 95 | AG14: GPT-3.5 or GPT-4 | AH14: 95 | AI14: 100 | AJ14: =AVERAGE(AH14:AI14) -> 97.5 | AK14: GPT-4 | AN14: 0 | AO14: NA | AR14: Falcon-H1-3B-Instruct | AS14: =AN15 -> 0 | AT14: =AVERAGE(D14,H14,L14,T14,X14,AB14,AF14,AJ14,AN14) -> 84.444444
A15: Mean | D15: =AVERAGE(D5:D14) -> 96 | H15: =AVERAGE(H5:H14) -> 100 | L15: =AVERAGE(L5:L14) -> 83.5 | P15: =AVERAGE(P5:P14) -> 80.25 | T15: =AVERAGE(T5:T14) -> 91.75 | X15: =AVERAGE(X5:X14) -> 98.5 | AB15: =AVERAGE(AB5:AB14) -> 85 | AF15: =AVERAGE(AF5:AF14) -> 91 | AJ15: =AVERAGE(AJ5:AJ14) -> 94.25 | AN15: =AVERAGE(AN5:AN14) -> 0
AR25: Model | AS25: Ability to detect
AR26: Falcon-H1-3B-Instruct | AS26: 0
AR27: Mistral Le Chat | AS27: 80.25
AR28: Claude Sonnet 4 | AS28: 83.5
AR29: Llama-4-Scout-nitro | AS29: 85
AR30: Grok-3 | AS30: 91
AR31: Perplexity | AS31: 91.75
AR32: Qwen3-235b-a22b | AS32: 94.25
AR33: ChatGPT-4o | AS33: 96
AR34: DeepSeek V3 | AS34: 98.5
AR35: Gemini 2.5 Pro | AS35: 100
AR39: Model | AS39: Ability to be detected
AR40: Qwen3-235b-a22b | AS40: 73.333333
AR41: Grok-3 | AS41: 79.722222
AR42: Claude Sonnet 4 | AS42: 80.833333
AR43: Gemini 2.5 Pro | AS43: 82.222222
AR44: ChatGPT-4o | AS44: 83.333333
AR45: Perplexity | AS45: 83.611111
AR46: Mistral Le Chat | AS46: 83.888889
AR47: Falcon-H1-3B-Instruct | AS47: 84.444444
AR48: Llama-4-Scout-nitro | AS48: 85
AR49: DeepSeek V3 | AS49: 85.833333

Sheet RQ 2- Topic-wise analysis
B2: Tasks | C2: Avg-Ability to detect | D2: Std deviation
B3: CLA | C3: 77.188889 | D3: =_xlfn.STDEV.P(C3:C12) -> 4.5961187
B4: I2C | C4: 78.425 | D4: =_xlfn.STDEV.P(C4:C13) -> 4.138892
B5: SA | C5: 82.025 | D5: =_xlfn.STDEV.P(C5:C14) -> 3.5927981
B6: PI | C6: 82.765 | D6: =_xlfn.STDEV.P(C6:C15) -> 3.4902512
B7: RM | C7: 82.895 | D7: =_xlfn.STDEV.P(C7:C16) -> 3.378209
B8: BS | C8: 83.655556 | D8: =_xlfn.STDEV.P(C8:C16) -> 3.0435461
B9: OOP | C9: 85.495 | D9: =_xlfn.STDEV.P(C9:C16) -> 2.3537447
B10: FSM | C10: 88.744444 | D10: =_xlfn.STDEV.P(C10:C16) -> 1.2032849
B11: MPI | C11: 90.7425 | D11: =_xlfn.STDEV.P(C11:C16) -> 0.43875
B12: MR | C12: 91.62 | D12: =_xlfn.STDEV.P(C12:C16) -> 0
B17: CLA | C17: =C3/100 -> 0.77188889
B18: I2C | C18: =C4/100 -> 0.78425
B19: SA | C19: =C5/100 -> 0.82025
B20: PI | C20: =C6/100 -> 0.82765
B21: RM | C21: =C7/100 -> 0.82895
B22: BS | C22: =C8/100 -> 0.83655556
B23: OOP | C23: =C9/100 -> 0.85495
B24: FSM | C24: =C10/100 -> 0.88744444
B25: MPI | C25: =C11/100 -> 0.907425
B26: MR | C26: =C12/100 -> 0.9162
M29: Tasks | N29: Avg-Ability to detect
M30: BS | N30: =AVERAGE('Task 1 - Bubble Sort'!AS5:AS14) -> 83.655556
M31: CLA | N31: =AVERAGE('Task 2 - CLA'!AS5:AS14) -> 77.188889
M32: FSM | N32: =AVERAGE('Task-3 FSM'!AS5:AS14) -> 88.744444
M33: I2C | N33: =AVERAGE('Task 4 - I2C'!AS5:AS14) -> 78.425
M34: MPI | N34: =AVERAGE('Task 5 -MPI'!AS5:AS14) -> 90.7425
M35: MR | N35: =AVERAGE('Task 6-MR'!AS5:AS14) -> 91.62
M36: OOP | N36: =AVERAGE('Task 7-OOP'!AS5:AS14) -> 85.495
M37: PI | N37: =AVERAGE('Task 8-PI'!AS5:AS14) -> 82.765
M38: RM | N38: =AVERAGE('Task 9-RM'!AS5:AS14) -> 82.895
M39: SA | N39: =AVERAGE('Task 10-SA'!AS5:AS14) -> 82.025

Sheet RQ 1- part A and B. All models
A1: Model | B1: Ability to detect (RQ 1-B)
A2: Falcon-H1-3B-Instruct | B2: 33.095 | C2: 33.095 | D2: =C2/100 -> 0.33095
A3: Claude Sonnet 4 | B3: 79.67 | C3: 79.67 | D3: =C3/100 -> 0.7967
A4: Mistral Le Chat | B4: 81.575 | C4: 81.575 | D4: =C4/100 -> 0.81575
A5: Llama-4-Scout-nitro | B5: 83.44 | C5: 83.44 | D5: =C5/100 -> 0.8344 | X5: Falcon-H1-3B-Instruct | Y5: =B2/100 -> 0.33095
A6: Perplexity | B6: 89.53 | C6: 89.53 | D6: =C6/100 -> 0.8953 | X6: Claude Sonnet 4 | Y6: =B3/100 -> 0.7967
A7: Grok-3 | B7: 92.275 | C7: 92.275 | D7: =C7/100 -> 0.92275 | X7: Mistral Le Chat | Y7: =B4/100 -> 0.81575
A8: ChatGPT-4o | B8: 94.535 | C8: 94.535 | D8: =C8/100 -> 0.94535 | X8: Llama-4-Scout-CS | Y8: =B5/100 -> 0.8344
A9: Gemini 2.5 Pro | B9: 95.03 | C9: 95.03 | D9: =C9/100 -> 0.9503 | X9: Perplexity | Y9: =B6/100 -> 0.8953
A10: Qwen3-235b-a22b | B10: 95.475 | C10: 95.475 | D10: =C10/100 -> 0.95475 | X10: Grok-3 | Y10: =B7/100 -> 0.92275
A11: DeepSeek V3 | B11: 98.445 | C11: 98.445 | D11: =C11/100 -> 0.98445 | X11: ChatGPT-4o | Y11: =B8/100 -> 0.94535
B12: =AVERAGE(B2:B11) -> 84.307 | C12: RQ 1-A | X12: Gemini 2.5 Pro | Y12: =B9/100 -> 0.9503
X13: Qwen3-235b-a22b | Y13: =B10/100 -> 0.95475
X14: DeepSeek V3 | Y14: =B11/100 -> 0.98445
A21: Model | B21: Ability to be detected (RQ1-B)
A22: Gemini 2.5 Pro | B22: 79.95
A23: Grok-3 | B23: 81.122222
A24: ChatGPT-4o | B24: 82.711111
A25: Perplexity | B25: 83.288889
A26: Qwen3-235b-a22b | B26: 83.672222
A27: Claude Sonnet 4 | B27: 84.394444
A28: Mistral Le Chat | B28: 87.011111
A29: Falcon-H1-3B-Instruct | B29: 87.166667
A30: Llama-4-Scout-nitro | B30: 87.977778
A31: DeepSeek V3 | B31: 88.811111 | X31: Gemini 2.5 Pro | Y31: =B22/100 -> 0.7995
B32: =AVERAGE(B22:B31) -> 84.610556 | C32: RQ 1-A | X32: Grok-3 | Y32: =B23/100 -> 0.81122222
X33: ChatGPT-4o | Y33: =B24/100 -> 0.82711111
X34: Perplexity | Y34: =B25/100 -> 0.83288889
X35: Qwen3-235b-a22b | Y35: =B26/100 -> 0.83672222
X36: Claude Sonnet 4 | Y36: =B27/100 -> 0.84394444
X37: Mistral Le Chat | Y37: =B28/100 -> 0.87011111
X38: Falcon-H1-3B-Instruct | Y38: =B29/100 -> 0.87166667
X39: Llama-4-Scout-CS | Y39: =B30/100 -> 0.87977778
X40: DeepSeek V3 | Y40: =B31/100 -> 0.88811111

Sheet Topic agnositc analysis-1
D11: TASKS
D12: BS | F12: CLA | H12: FSM | J12: I2C | L12: MPI | N12: MR | P12: OOP | R12: PI | T12: RM | V12: SA
C13: Model | D13: Ability to detect | E13: Ability to be detected | F13: Ability to detect | G13: Ability to be detected | H13: Ability to detect | I13: Ability to be detected | J13: Ability to detect | K13: Ability to be detected | L13: Ability to detect | M13: Ability to be detected | N13: Ability to detect | O13: Ability to be detected | P13: Ability to detect | Q13: Ability to be detected | R13: Ability to detect | S13: Ability to be detected | T13: Ability to detect | U13: Ability to be detected | V13: Ability to detect | W13: Ability to be detected
C14: ChatGPT-4o | D14: 98.1 | E14: 84.888889 | F14: 96.5 | G14: 72.5 | H14: 91 | I14: 80.277778 | J14: 89.1 | K14: 84.722222 | L14: 93 | M14: 83.333333 | N14: 95.75 | O14: 82.777778 | P14: 94.25 | Q14: 82.5 | R14: 96 | S14: 90.833333 | T14: 95.65 | U14: 81.944444 | V14: 96 | W14: 83.333333
C15: Gemini 2.5 Pro | D15: 90 | E15: 84.611111 | F15: 100 | G15: 76.277778 | H15: 100 | I15: 76.666667 | J15: 90 | K15: 61.944444 | L15: 98.25 | M15: 84.722222 | N15: 97.4 | O15: 89.722222 | P15: 98.65 | Q15: 80.555556 | R15: 76 | S15: 88.055556 | T15: 100 | U15: 74.722222 | V15: 100 | W15: 82.222222
C16: Claude Sonnet 4 | D16: 77.05 | E16: 77.666667 | F16: 92.7 | G16: 73.055556 | H16: 67 | I16: 91.388889 | J16: 76.65 | K16: 83.333333 | L16: 78.65 | M16: 93.888889 | N16: 78.65 | O16: 86.388889 | P16: 85.55 | Q16: 82.777778 | R16: 72.25 | S16: 88.055556 | T16: 84.7 | U16: 86.555556 | V16: 83.5 | W16: 80.833333
C17: Mistral Le Chat | E17: 84.888889 | G17: 78.5 | I17: 95.277778 | J17: 50 | K17: 84.166667 | L17: 94.875 | M17: 91.833333 | N17: 97.35 | O17: 94.055556 | P17: 98.3 | Q17: 85.666667 | R17: 69.9 | S17: 88.222222 | T17: 80.35 | U17: 83.611111 | V17: 80.25 | W17: 83.888889
C18: Perplexity | D18: 95 | E18: 90.722222 | F18: 68.5 | G18: 71.944444 | H18: 95.5 | I18: 86.944444 | J18: 94 | K18: 76.944444 | L18: 87.75 | M18: 92.222222 | N18: 91.05 | O18: 93.5 | P18: 90.5 | Q18: 82.222222 | R18: 92.25 | S18: 71.444444 | T18: 89 | U18: 83.333333 | V18: 91.75 | W18: 83.611111
C19: DeepSeek V3 | D19: 96 | E19: 87.444444 | F19: 100 | G19: 82.111111 | H19: 100 | I19: 94.111111 | J19: 96.25 | K19: 85.888889 | L19: 96.7 | M19: 94.888889 | N19: 98.5 | O19: 94.722222 | P19: 100 | Q19: 86.833333 | R19: 98.5 | S19: 91.111111 | T19: 100 | U19: 85.166667 | V19: 98.5 | W19: 85.833333
C20: Llama-4-Scout-nitro | D20: 91 | E20: 88.777778 | F20: 59 | G20: 80.277778 | H20: 88.2 | I20: 95.555556 | J20: 79 | K20: 82.222222 | L20: 88.2 | M20: 94.333333 | N20: 88 | O20: 93.111111 | P20: 87 | Q20: 86.944444 | R20: 83 | S20: 90.5 | T20: 86 | U20: 83.055556 | V20: 85 | W20: 85
C21: Grok-3 | D21: 96 | E21: 67.222222 | F21: 79.25 | G21: 73.888889 | H21: 79 | I21: 85.277778 | J21: 100 | K21: 82.166667 | L21: 86.5 | M21: 89.388889 | N21: 91 | O21: 93.777778 | P21: 100 | Q21: 84.944444 | R21: 100 | S21: 70.666667 | T21: 100 | U21: 84.166667 | V21: 91 | W21: 79.722222
C22: Qwen3-235b-a22b | D22: 95.5 | E22: 87.166667 | F22: 98.75 | G22: 82.666667 | H22: 99 | I22: 92.666667 | J22: 93.25 | K22: 80.555556 | L22: 93.5 | M22: 85.722222 | N22: 93 | O22: 88.5 | P22: 95.5 | Q22: 83.555556 | R22: 98.75 | S22: 76.388889 | T22: 93.25 | U22: 86.166667 | V22: 94.25 | W22: 73.333333
C23: Falcon-H1-3B-Instruct | D23: 14.25 | E23: 83.166667 | F23: 0 | G23: 80.666667 | H23: 79 | I23: 89.277778 | J23: 16 | K23: 93.888889 | L23: 90 | M23: 92.5 | N23: 85.5 | O23: 93.277778 | P23: 5.2 | Q23: 84.722222 | R23: 41 | S23: 86.666667 | T23: 0 | U23: 83.055556 | V23: 0 | W23: 84.444444
D24: =AVERAGE(D14:D23) -> 83.655556 | E24: =AVERAGE(E14:E23) -> 83.655556 | F24: =AVERAGE(F14:F23) -> 77.188889 | G24: =AVERAGE(G14:G23) -> 77.188889 | H24: =AVERAGE(H14:H23) -> 88.744444 | I24: =AVERAGE(I14:I23) -> 88.744444 | J24: =AVERAGE(J14:J23) -> 78.425 | K24: =AVERAGE(K14:K23) -> 81.583333 | ... W24: =AVERAGE(W14:W23) -> 82.222222
D30: Ability to detect | F30: Ability to be detected | H30: Ability to detect | I30: Ability to be detected
D31: Min | E31: Max | F31: Min | G31: Max
C32: ChatGPT-4o | D32: =MIN(D14,F14,H14,J14,L14,N14,P14,R14,T14,V14) -> 89.1 | E32: =MAX(D14,F14,H14,J14,L14,N14,P14,R14,T14,V14) -> 98.1 | F32: =MIN(E14,G14,I14,K14,M14,O14,Q14,S14,U14,W14) -> 72.5 | G32: =MAX(E14,G14,I14,K14,M14,O14,Q14,S14,U14,W14) -> 90.833333 | H32: =AVERAGE(D14,F14,H14,J14,L14,N14,P14,R14,T14,V14) -> 94.535 | I32: =AVERAGE(E14,G14,I14,K14,M14,O14,Q14,S14,U14,W14) -> 82.711111
C33: Gemini 2.5 Pro | D33: =MIN(D15,F15,H15,J15,L15,N15,P15,R15,T15,V15) -> 76 | E33: =MAX(D15,F15,H15,J15,L15,N15,P15,R15,T15,V15) -> 100 | F33: =MIN(E15,G15,I15,K15,M15,O15,Q15,S15,U15,W15) -> 61.944444 | G33: =MAX(E15,G15,I15,K15,M15,O15,Q15,S15,U15,W15) -> 89.722222 | H33: =AVERAGE(D15,F15,H15,J15,L15,N15,P15,R15,T15,V15) -> 95.03 | I33: =AVERAGE(E15,G15,I15,K15,M15,O15,Q15,S15,U15,W15) -> 79.95
C34: Claude Sonnet 4 | D34: =MIN(D16,F16,H16,J16,L16,N16,P16,R16,T16,V16) -> 67 | E34: =MAX(D16,F16,H16,J16,L16,N16,P16,R16,T16,V16) -> 92.7 | F34: =MIN(E16,G16,I16,K16,M16,O16,Q16,S16,U16,W16) -> 73.055556 | G34: =MAX(E16,G16,I16,K16,M16,O16,Q16,S16,U16,W16) -> 93.888889 | H34: =AVERAGE(D16,F16,H16,J16,L16,N16,P16,R16,T16,V16) -> 79.67 | I34: =AVERAGE(E16,G16,I16,K16,M16,O16,Q16,S16,U16,W16) -> 84.394444
C35: Mistral Le Chat | D35: =MIN(D17,F17,H17,J17,L17,N17,P17,R17,T17,V17) -> 50 | E35: =MAX(D17,F17,H17,J17,L17,N17,P17,R17,T17,V17) -> 98.3 | F35: =MIN(E17,G17,I17,K17,M17,O17,Q17,S17,U17,W17) -> 78.5 | G35: =MAX(E17,G17,I17,K17,M17,O17,Q17,S17,U17,W17) -> 95.277778 | H35: =AVERAGE(D17,F17,H17,J17,L17,N17,P17,R17,T17,V17) -> 81.575 | I35: =AVERAGE(E17,G17,I17,K17,M17,O17,Q17,S17,U17,W17) -> 87.011111
C36: Perplexity | D36: =MIN(D18,F18,H18,J18,L18,N18,P18,R18,T18,V18) -> 68.5 | E36: =MAX(D18,F18,H18,J18,L18,N18,P18,R18,T18,V18) -> 95.5 | F36: =MIN(E18,G18,I18,K18,M18,O18,Q18,S18,U18,W18) -> 71.444444 | G36: =MAX(E18,G18,I18,K18,M18,O18,Q18,S18,U18,W18) -> 93.5 | H36: =AVERAGE(D18,F18,H18,J18,L18,N18,P18,R18,T18,V18) -> 89.53 | I36: =AVERAGE(E18,G18,I18,K18,M18,O18,Q18,S18,U18,W18) -> 83.288889 | R36: Model-by-model one-liners
C37: DeepSeek V3 | D37: =MIN(D19,F19,H19,J19,L19,N19,P19,R19,T19,V19) -> 96 | E37: =MAX(D19,F19,H19,J19,L19,N19,P19,R19,T19,V19) -> 100 | F37: =MIN(E19,G19,I19,K19,M19,O19,Q19,S19,U19,W19) -> 82.111111 | G37: =MAX(E19,G19,I19,K19,M19,O19,Q19,S19,U19,W19) -> 94.888889 | H37: =AVERAGE(D19,F19,H19,J19,L19,N19,P19,R19,T19,V19) -> 98.445 | I37: =AVERAGE(E19,G19,I19,K19,M19,O19,Q19,S19,U19,W19) -> 88.811111 | R37: ChatGPT-4o | S37: High detector (93.6) and stable; stealth 18.33 with relatively low variability.
C38: Llama-4-Scout-nitro | D38: =MIN(D20,F20,H20,J20,L20,N20,P20,R20,T20,V20) -> 59 | E38: =MAX(D20,F20,H20,J20,L20,N20,P20,R20,T20,V20) -> 91 | F38: =MIN(E20,G20,I20,K20,M20,O20,Q20,S20,U20,W20) -> 80.277778 | G38: =MAX(E20,G20,I20,K20,M20,O20,Q20,S20,U20,W20) -> 95.555556 | H38: =AVERAGE(D20,F20,H20,J20,L20,N20,P20,R20,T20,V20) -> 83.44 | I38: =AVERAGE(E20,G20,I20,K20,M20,O20,Q20,S20,U20,W20) -> 87.977778 | R38: Gemini 2.5 Pro | S38: Stealth leader (75.83% detected-mid), good detector (88.0) but variable detectability (27.78).
C39: Grok-3 | D39: =MIN(D21,F21,H21,J21,L21,N21,P21,R21,T21,V21) -> 79 | E39: =MAX(D21,F21,H21,J21,L21,N21,P21,R21,T21,V21) -> 100 | F39: =MIN(E21,G21,I21,K21,M21,O21,Q21,S21,U21,W21) -> 67.222222 | G39: =MAX(E21,G21,I21,K21,M21,O21,Q21,S21,U21,W21) -> 93.777778 | H39: =AVERAGE(D21,F21,H21,J21,L21,N21,P21,R21,T21,V21) -> 92.275 | I39: =AVERAGE(E21,G21,I21,K21,M21,O21,Q21,S21,U21,W21) -> 81.122222 | R39: Claude Sonnet 4 | S39: Slightly below-median detector (79.85), moderate stealth (16.53).
C40: Qwen3-235b-a22b | D40: =MIN(D22,F22,H22,J22,L22,N22,P22,R22,T22,V22) -> 93 | E40: =MAX(D22,F22,H22,J22,L22,N22,P22,R22,T22,V22) -> 99 | F40: =MIN(E22,G22,I22,K22,M22,O22,Q22,S22,U22,W22) -> 73.333333 | G40: =MAX(E22,G22,I22,K22,M22,O22,Q22,S22,U22,W22) -> 92.666667 | H40: =AVERAGE(D22,F22,H22,J22,L22,N22,P22,R22,T22,V22) -> 95.475 | I40: =AVERAGE(E22,G22,I22,K22,M22,O22,Q22,S22,U22,W22) -> 83.672222 | R40: Mistral Le Chat | S40: Inconsistent detector (range 48.3), fairly easy to detect (86.89).
C41: Falcon-H1-3B-Instruct | D41: =MIN(D23,F23,H23,J23,L23,N23,P23,R23,T23,V23) -> 0 | E41: =MAX(D23,F23,H23,J23,L23,N23,P23,R23,T23,V23) -> 90 | F41: =MIN(E23,G23,I23,K23,M23,O23,Q23,S23,U23,W23) -> 80.666667 | G41: =MAX(E23,G23,I23,K23,M23,O23,Q23,S23,U23,W23) -> 93.888889 | H41: =AVERAGE(D23,F23,H23,J23,L23,N23,P23,R23,T23,V23) -> 33.095 | I41: =AVERAGE(E23,G23,I23,K23,M23,O23,Q23,S23,U23,W23) -> 87.166667 | R41: Perplexity | S41: Middle-of-the-pack detector (82.0) with decent stealth (17.53)
D42: =MIN(D32:D41) -> 0 | E42: =MAX(E32:E41) -> 100 | F42: =MIN(F32:F41) -> 61.944444 | G42: =MAX(G32:G41) -> 95.555556 | R42: DeepSeek V3 | S42: Top detector (98.0) and very consistent, but easiest to detect itself (88.5% detected-mid).
D43: min of all | E43: max of all | F43: min of all | G43: max of all | R43: Llama-4-Scout-nitro | S43: Moderate detector (75.0), easy to detect (87.92), consistent detectability (15.28).
R44: Grok-3 | S44: Strong balance (89.5 detector; stealth 19.5) but detectability can swing (26.56).
R45: Qwen3-235b-a22b | S45: Elite detector (96.0) with solid stealth (17.0) and very stable detection performance (range 6.0).
C46: Correlation with model age | D46: Year | E46: First Introduced | F46: First Model Name | H46: 1 | I46: Best overall trade-off (strong detector yet relatively hard to detect) | N46: Gemini 2.5 Pro | R46: Falcon-H1-3B-Instruct | S46: Unreliable detector (0→90), outputs easily detected (87.28) and consistently so.
C47: ChatGPT-4o | D47: 2024 | E47: 2018 | F47: GPT-1 | H47: 2 | I47: Strongest pure detectors | N47: DeepSeek V3
C48: Gemini 2.5 Pro | D48: 2025 | E48: 2023 | F48: Gemini 1.0 | H48: 3 | I48: Hardest to detect | N48: Gemini 2.5 Pro
C49: Claude Sonnet 4 | D49: 2025 | E49: 2023 | F49: Claude 1 | H49: 4 | I49: Balanced quadrant (high detector & high stealth) | N49: Qwen3-235b-a22b, ChatGPT-4o, Grok-3, Gemini 2.5 Pro
C50: Mistral Le Chat | D50: 2024 | E50: 2023 | F50: Mistral 7B | H50: 5 | I50: Powerful but easy to detect (one notable case) | N50: DeepSeek V3
C51: Perplexity | D51: 2022 | E51: 2023 | F51: PPLX in-house models | H51: 6 | I51: Unreliable detector with consistently detectable outputs | N51: Falcon-H1-3B-Instruct:
C52: DeepSeek V3 | D52: 2025 | E52: 2023 | F52: DeepSeek Coder | H52: 7 | I52: High inconsistency warning | N52: Mistral Le Chat
C53: Llama-4-Scout-nitro | D53: 2025 | E53: 2023 | F53: LLaMA 1 | H53: 8
C54: Grok-3 | D54: 2025 | E54: 2023 | F54: Grok-1 | H54: 9
C55: Qwen3-235b-a22b | D55: 2025 | E55: 2023 | F55: Qwen / Tongyi Qianwen | H55: 10
C56: Falcon-H1-3B-Instruct | D56: 2025 | E56: 2023 | F56: Falcon 40B | H56: 11 | U56: “Stealth” = how hard a model’s own writing is to catch as AI in your tests. How I compute it: Stealth score = 100 − (midpoint of “Ability to be detected”). Where the midpoint = (min + max)/2 from your “Ability to be detected” columns. Interpretation Higher stealth → harder to detect (lower average detectability). Lower stealth → easier to detect (higher average detectability).
H57: 12
H58: 13
H59: 14
Q63: Till Aug 2025 | R63: Till Aug 2025
A64: Model | B64: Detect_Min | C64: Detect_Max | D64: Detected_Min | E64: Detected_Max | F64: Launch_Year | G64: Family_First_Year | H64: Detect_Mid | I64: Detected_Mid | J64: Detect_Range | K64: Detected_Range | L64: Stealth_Score | M64: Detector_Score | N64: Rank_Stealth | O64: Rank_Detector | P64: Tradeoff_Index | Q64: Model_Age_Y | R64: Family_Age_Y
A65: ChatGPT-4o | B65: 89.1 | C65: 98.1 | D65: 72.5 | E65: 90.83 | F65: 2024 | G65: 2018 | H65: =(B65+C65)/2 -> 93.6 | I65: =(D65+E65)/2 -> 81.665 | J65: =C65-B65 -> 9 | K65: =E65-D65 -> 18.33 | L65: =100-((D65+E65)/2) -> 18.335 | M65: =H65 -> 93.6 | N65: =_xlfn.RANK.EQ(L65,$L$65:L$74) -> 3 | O65: =_xlfn.RANK.EQ(M65,$M$65:$M$74) -> 3 | P65: =L65*M65 -> 1716.156 | Q65: =2025-F65+(8/12) -> 1.6666667 | R65: =2025-G65+(8/12) -> 7.6666667
A66: Gemini 2.5 Pro | B66: 76 | C66: 100 | D66: 61.94 | E66: 89.72 | F66: 2025 | G66: 2023 | H66: =(B66+C66)/2 -> 88 | I66: =(D66+E66)/2 -> 75.83 | J66: =C66-B66 -> 24 | K66: =E66-D66 -> 27.78 | L66: =100-((D66+E66)/2) -> 24.17 | M66: =H66 -> 88 | N66: 1 | O66: =_xlfn.RANK.EQ(M66,$M$65:$M$74) -> 5 | P66: =L66*M66 -> 2126.96 | Q66: =2025-F66+(8/12) -> 0.66666667 | R66: =2025-G66+(8/12) -> 2.6666667
A67: Claude Sonnet 4 | B67: 67 | C67: 92.7 | D67: 73.06 | E67: 93.89 | F67: 2025 | G67: 2023 | H67: =(B67+C67)/2 -> 79.85 | I67: =(D67+E67)/2 -> 83.475 | J67: =C67-B67 -> 25.7 | K67: =E67-D67 -> 20.83 | L67: =100-((D67+E67)/2) -> 16.525 | M67: =H67 -> 79.85 | N67: 6 | O67: =_xlfn.RANK.EQ(M67,$M$65:$M$74) -> 7 | P67: =L67*M67 -> 1319.5213 | Q67: =2025-F67+(8/12) -> 0.66666667 | R67: =2025-G67+(8/12) -> 2.6666667
A68: Mistral Le Chat | B68: 50 | C68: 98.3 | D68: 78.5 | E68: 95.28 | F68: 2024 | G68: 2023 | H68: =(B68+C68)/2 -> 74.15 | I68: =(D68+E68)/2 -> 86.89 | J68: =C68-B68 -> 48.3 | K68: =E68-D68 -> 16.78 | L68: =100-((D68+E68)/2) -> 13.11 | M68: =H68 -> 74.15 | N68: 7 | O68: =_xlfn.RANK.EQ(M68,$M$65:$M$74) -> 9 | P68: =L68*M68 -> 972.1065 | Q68: =2025-F68+(8/12) -> 1.6666667 | R68: =2025-G68+(8/12) -> 2.6666667
A69: Perplexity | B69: 68.5 | C69: 95.5 | D69: 71.44 | E69: 93.5 | F69: 2022 | G69: 2023 | H69: =(B69+C69)/2 -> 82 | I69: =(D69+E69)/2 -> 82.47 | J69: =C69-B69 -> 27 | K69: =E69-D69 -> 22.06 | L69: =100-((D69+E69)/2) -> 17.53 | M69: =H69 -> 82 | N69: 4 | O69: =_xlfn.RANK.EQ(M69,$M$65:$M$74) -> 6 | P69: =L69*M69 -> 1437.46 | Q69: =2025-F69+(8/12) -> 3.6666667 | R69: =2025-G69+(8/12) -> 2.6666667
A70: DeepSeek V3 | B70: 96 | C70: 100 | D70: 82.11 | E70: 94.89 | F70: 2025 | G70: 2023 | H70: =(B70+C70)/2 -> 98 | I70: =(D70+E70)/2 -> 88.5 | J70: =C70-B70 -> 4 | K70: =E70-D70 -> 12.78 | L70: =100-((D70+E70)/2) -> 11.5 | M70: =H70 -> 98 | N70: 10 | O70: =_xlfn.RANK.EQ(M70,$M$65:$M$74) -> 1 | P70: =L70*M70 -> 1127 | Q70: =2025-F70+(8/12) -> 0.66666667 | R70: =2025-G70+(8/12) -> 2.6666667
A71: Llama-4-Scout-nitro | B71: 59 | C71: 91 | D71: 80.28 | E71: 95.56 | F71: 2025 | G71: 2023 | H71: =(B71+C71)/2 -> 75 | I71: =(D71+E71)/2 -> 87.92 | J71: =C71-B71 -> 32 | K71: =E71-D71 -> 15.28 | L71: =100-((D71+E71)/2) -> 12.08 | M71: =H71 -> 75 | N71: 9 | O71: =_xlfn.RANK.EQ(M71,$M$65:$M$74) -> 8 | P71: =L71*M71 -> 906 | Q71: =2025-F71+(8/12) -> 0.66666667 | R71: =2025-G71+(8/12) -> 2.6666667
A72: Grok-3 | B72: 79 | C72: 100 | D72: 67.22 | E72: 93.78 | F72: 2025 | G72: 2023 | H72: =(B72+C72)/2 -> 89.5 | I72: =(D72+E72)/2 -> 80.5 | J72: =C72-B72 -> 21 | K72: =E72-D72 -> 26.56 | L72: =100-((D72+E72)/2) -> 19.5 | M72: =H72 -> 89.5 | N72: 2 | O72: =_xlfn.RANK.EQ(M72,$M$65:$M$74) -> 4 | P72: =L72*M72 -> 1745.25 | Q72: =2025-F72+(8/12) -> 0.66666667 | R72: =2025-G72+(8/12) -> 2.6666667
A73: Qwen3-235b-a22b | B73: 93 | C73: 99 | D73: 73.33 | E73: 92.67 | F73: 2025 | G73: 2023 | H73: =(B73+C73)/2 -> 96 | I73: =(D73+E73)/2 -> 83 | J73: =C73-B73 -> 6 | K73: =E73-D73 -> 19.34 | L73: =100-((D73+E73)/2) -> 17 | M73: =H73 -> 96 | N73: 5 | O73: =_xlfn.RANK.EQ(M73,$M$65:$M$74) -> 2 | P73: =L73*M73 -> 1632 | Q73: =2025-F73+(8/12) -> 0.66666667 | R73: =2025-G73+(8/12) -> 2.6666667
A74: Falcon-H1-3B-Instruct | B74: 0 | C74: 90 | D74: 80.67 | E74: 93.89 | F74: 2025 | G74: 2023 | H74: =(B74+C74)/2 -> 45 | I74: =(D74+E74)/2 -> 87.28 | J74: =C74-B74 -> 90 | K74: =E74-D74 -> 13.22 | L74: =100-((D74+E74)/2) -> 12.72 | M74: =H74 -> 45 | N74: 8 | O74: =_xlfn.RANK.EQ(M74,$M$65:$M$74) -> 10 | P74: =L74*M74 -> 572.4 | Q74: =2025-F74+(8/12) -> 0.66666667 | R74: =2025-G74+(8/12) -> 2.6666667
B78: Top stealth (hardest to detect; lower AI-detectability) | I78: Top detectors (highest ability to detect AI) | O78: Best tradeoff (good detector & relatively stealthy) | U78: Largest variability in ability to detect (inconsistency) | AB78: Largest variability in detectability (inconsistency)
B79: Model | C79: Stealth_Score | D79: Detected_Mid | E79: Detected_Range | I79: Model | J79: Detector_Score | K79: Detect_Range | O79: Model | P79: Tradeoff_Index | Q79: Detector_Score | R79: Stealth_Score | V79: Model | W79: Detect_Range | X79: Detect_Min | Y79: Detect_Max | AC79: Model | AD79: Detected_Range | AE79: Detected_Min | AF79: Detected_Max
A80: 1 | B80: Gemini 2.5 Pro | C80: 24.17 | D80: 75.83 | E80: 27.78 | H80: 5 | I80: DeepSeek V3 | J80: 98 | K80: 4 | N80: 1 | O80: Gemini 2.5 Pro | P80: 2126.96 | Q80: 88 | R80: 24.17 | U80: 9 | V80: Falcon-H1-3B-Instruct | W80: 90 | X80: 0 | Y80: 90 | AB80: 1 | AC80: Gemini 2.5 Pro | AD80: 27.78 | AE80: 61.94 | AF80: 89.72
A81: 7 | B81: Grok-3 | C81: 19.5 | D81: 80.5 | E81: 26.56 | H81: 8 | I81: Qwen3-235b-a22b | J81: 96 | K81: 6 | N81: 7 | O81: Grok-3 | P81: 1745.25 | Q81: 89.5 | R81: 19.5 | U81: 3 | V81: Mistral Le Chat | W81: 48.3 | X81: 50 | Y81: 98.3 | AB81: 7 | AC81: Grok-3 | AD81: 26.56 | AE81: 67.22 | AF81: 93.78
A82: 0 | B82: ChatGPT-4o | C82: 18.34 | D82: 81.66 | E82: 18.33 | H82: 0 | I82: ChatGPT-4o | J82: 93.6 | K82: 9 | N82: 0 | O82: ChatGPT-4o | P82: 1716.16 | Q82: 93.6 | R82: 18.34 | U82: 6 | V82: Llama-4-Scout-nitro | W82: 32 | X82: 59 | Y82: 91 | AB82: 4 | AC82: Perplexity | AD82: 22.06 | AE82: 71.44 | AF82: 93.5
A83: 4 | B83: Perplexity | C83: 17.53 | D83: 82.47 | E83: 22.06 | H83: 7 | I83: Grok-3 | J83: 89.5 | K83: 21 | N83: 8 | O83: Qwen3-235b-a22b | P83: 1632 | Q83: 96 | R83: 17 | U83: 4 | V83: Perplexity | W83: 27 | X83: 68.5 | Y83: 95.5 | AB83: 2 | AC83: Claude Sonnet 4 | AD83: 20.83 | AE83: 73.06 | AF83: 93.89
A84: 8 | B84: Qwen3-235b-a22b | C84: 17 | D84: 83 | E84: 19.34 | H84: 1 | I84: Gemini 2.5 Pro | J84: 88 | K84: 24 | N84: 4 | O84: Perplexity | P84: 1437.46 | Q84: 82 | R84: 17.53 | U84: 2 | V84: Claude Sonnet 4 | W84: 25.7 | X84: 67 | Y84: 92.7 | AB84: 8 | AC84: Qwen3-235b-a22b | AD84: 19.34 | AE84: 73.33 | AF84: 92.67
A85: 2 | B85: Claude Sonnet 4 | C85: 16.53 | D85: 83.48 | E85: 20.83 | H85: 4 | I85: Perplexity | J85: 82 | K85: 27 | N85: 2 | O85: Claude Sonnet 4 | P85: 1319.52 | Q85: 79.85 | R85: 16.53 | U85: 1 | V85: Gemini 2.5 Pro | W85: 24 | X85: 76 | Y85: 100 | AB85: 0 | AC85: ChatGPT-4o | AD85: 18.33 | AE85: 72.5 | AF85: 90.83
A86: 3 | B86: Mistral Le Chat | C86: 13.11 | D86: 86.89 | E86: 16.78 | H86: 2 | I86: Claude Sonnet 4 | J86: 79.85 | K86: 25.7 | N86: 5 | O86: DeepSeek V3 | P86: 1127 | Q86: 98 | R86: 11.5 | U86: 7 | V86: Grok-3 | W86: 21 | X86: 79 | Y86: 100 | AB86: 3 | AC86: Mistral Le Chat | AD86: 16.78 | AE86: 78.5 | AF86: 95.28
A87: 9 | B87: Falcon-H1-3B-Instruct | C87: 12.72 | D87: 87.28 | E87: 13.22 | H87: 6 | I87: Llama-4-Scout-nitro | J87: 75 | K87: 32 | N87: 3 | O87: Mistral Le Chat | P87: 972.11 | Q87: 74.15 | R87: 13.11 | U87: 0 | V87: ChatGPT-4o | W87: 9 | X87: 89.1 | Y87: 98.1 | AB87: 6 | AC87: Llama-4-Scout-nitro | AD87: 15.28 | AE87: 80.28 | AF87: 95.56
A88: 6 | B88: Llama-4-Scout-nitro | C88: 12.08 | D88: 87.92 | E88: 15.28 | H88: 3 | I88: Mistral Le Chat | J88: 74.15 | K88: 48.3 | N88: 6 | O88: Llama-4-Scout-nitro | P88: 906 | Q88: 75 | R88: 12.08 | U88: 8 | V88: Qwen3-235b-a22b | W88: 6 | X88: 93 | Y88: 99 | AB88: 9 | AC88: Falcon-H1-3B-Instruct | AD88: 13.22 | AE88: 80.67 | AF88: 93.89
A89: 5 | B89: DeepSeek V3 | C89: 11.5 | D89: 88.5 | E89: 12.78 | H89: 9 | I89: Falcon-H1-3B-Instruct | J89: 45 | K89: 90 | N89: 9 | O89: Falcon-H1-3B-Instruct | P89: 572.4 | Q89: 45 | R89: 12.72 | U89: 5 | V89: DeepSeek V3 | W89: 4 | X89: 96 | Y89: 100 | AB89: 5 | AC89: DeepSeek V3 | AD89: 12.78 | AE89: 82.11 | AF89: 94.89

Sheet RQ-1-C -Topic agn anal-2
A1: Tasks | C1: ChatGPT-4o | D1: Gemini 2.5 Pro | E1: Claude Sonnet 4 | F1: Mistral Le Chat | G1: Perplexity | H1: DeepSeek V3 | I1: Llama-4-scout | J1: Grok-3 | K1: Qwen3-235b-a22b | L1: Falcon-H1-3B-Instruct | M1: Total
A2: BS | B2: GPT | C2: 20 | D2: 12 | E2: 12 | F2: 20 | G2: 20 | H2: 15 | I2: 10 | J2: 10 | K2: 20 | L2: 12 | M2: =SUM(C2:L2) -> 151 | N2: GPT
A3: BS | B3: Gemini | C3: 1 | D3: 10 | M3: =SUM(C3:L3) -> 11 | N3: Gemini
A4: BS | B4: GitHub Copilot | C4: 1 | M4: =SUM(C4:L4) -> 1 | N4: GitHub Copilot
A5: BS | B5: Claude | D5: 5 | E5: 1 | G5: 3 | K5: 6 | M5: =SUM(C5:L5) -> 15 | N5: Claude
A6: BS | B6: SGE | D6: 1 | M6: =SUM(C6:L6) -> 1 | N6: SGE
A7: BS | B7: LLaMA | I7: 9 | K7: 8 | M7: =SUM(C7:L7) -> 17 | N7: LLaMA
A8: BS | B8: Grok | J8: 10 | M8: =SUM(C8:L8) -> 10 | N8: Grok
A9: CLA | B9: GPT | C9: 11 | D9: 14 | E9: 11 | F9: 10 | G9: 15 | H9: 10 | J9: 10 | K9: 15 | M9: =SUM(C9:L9) -> 96 | N9: GPT
A10: CLA | B10: Gemini | C10: 2 | D10: 9 | G10: 2 | M10: =SUM(C10:L10) -> 13 | N10: Gemini
A11: CLA | B11: PaLM | D11: 1 | M11: =SUM(C11:L11) -> 1 | N11: PaLM
A12: CLA | B12: Claude | C12: 4 | E12: 2 | G12: 3 | J12: 10 | K12: 5 | M12: =SUM(C12:L12) -> 24 | N12: Claude
A13: CLA | B13: Perplexity | E13: 1 | M13: =SUM(C13:L13) -> 1 | N13: Perplexity
A14: CLA | B14: LLaMA | I14: 4 | K14: 5 | M14: =SUM(C14:L14) -> 9 | N14: LLaMA
A15: CLA | B15: BLOOM | I15: 3 | M15: =SUM(C15:L15) -> 3 | N15: BLOOM
A16: CLA | B16: T5 | I16: 5 | M16: =SUM(C16:L16) -> 5 | N16: T5
A17: CLA | B17: BART | I17: 4 | M17: =SUM(C17:L17) -> 4 | N17: BART
A18: CLA | B18: BERT | I18: 2 | M18: =SUM(C18:L18) -> 2 | N18: BERT
A19: FSM | B19: GPT | C19: 20 | D19: 10 | E19: 10 | G19: 10 | H19: 10 | J19: 9 | K19: 20 | L19: 9 | M19: =SUM(C19:L19) -> 98 | N19: GPT
A20: FSM | B20: Gemini | D20: 10 | E20: 1 | K20: 18 | M20: =SUM(C20:L20) -> 29 | N20: Gemini
A21: FSM | B21: LLaMA | D21: 3 | K21: 9 | M21: =SUM(C21:L21) -> 12 | N21: LLaMA
A22: FSM | B22: Claude | E22: 4 | G22: 11 | J22: 10 | M22: =SUM(C22:L22) -> 25 | N22: Claude
A23: FSM | B23: Mistral Le Chat | F23: 9 | M23: =SUM(C23:L23) -> 9 | N23: Mistral Le Chat
A24: FSM | B24: BERT | I24: 10 | M24: =SUM(C24:L24) -> 10 | N24: BERT
A25: FSM | B25: RoBERTa | I25: 10 | M25: =SUM(C25:L25) -> 10 | N25: RoBERTa
A26: I2C | B26: GPT | C26: 18 | D26: 9 | E26: 15 | F26: 10 | G26: 18 | H26: 12 | J26: 12 | K26: 13 | L26: 7 | M26: =SUM(C26:L26) -> 114 | N26: GPT
A27: I2C | B27: Gemini | C27: 1 | D27: 1 | E27: 3 | G27: 2 | K27: 9 | M27: =SUM(C27:L27) -> 16 | N27: Gemini
A28: I2C | B28: Claude | C28: 2 | E28: 9 | G28: 8 | H28: 3 | K28: 1 | M28: =SUM(C28:L28) -> 23 | N28: Claude
A29: I2C | B29: BARD | E29: 3 | M29: =SUM(C29:L29) -> 3 | N29: BARD
A30: I2C | B30: GitHub | E30: 1 | M30: =SUM(C30:L30) -> 1 | N30: GitHub
A31: I2C | B31: LLaMA | I31: 8 | K31: 9 | M31: =SUM(C31:L31) -> 17 | N31: LLaMA
A32: I2C | B32: BLOOM | I32: 8 | M32: =SUM(C32:L32) -> 8 | N32: BLOOM
A33: I2C | B33: BERT | I33: 2 | M33: =SUM(C33:L33) -> 2 | N33: BERT
A34: I2C | B34: RoBERTa | I34: 2 | M34: =SUM(C34:L34) -> 2 | N34: RoBERTa
A35: I2C | B35: LongFormer | I35: 1 | M35: =SUM(C35:L35) -> 1 | N35: LongFormer
A36: I2C | B36: T5 | I36: 1 | M36: =SUM(C36:L36) -> 1 | N36: T5
A37: MPI | B37: GPT | C37: 10 | D37: 9 | E37: 14 | F37: 10 | G37: 18 | H37: 11 | J37: 12 | K37: 16 | L37: 9 | M37: =SUM(C37:L37) -> 109 | N37: GPT
A38: MPI | B38: Claude | C38: 8 | F38: 10 | G38: 10 | H38: 5 | M38: =SUM(C38:L38) -> 33 | N38: Claude
A39: MPI | B39: Gemini | D39: 10 | F39: 9 | G39: 9 | M39: =SUM(C39:L39) -> 28 | N39: Gemini
A40: MPI | B40: GitHub Copilot | D40: 1 | M40: =SUM(C40:L40) -> 1 | N40: GitHub Copilot
A41: MPI | B41: Gramerly | E41: 1 | M41: =SUM(C41:L41) -> 1 | N41: Gramerly
A42: MPI | B42: BARD | F42: 1 | M42: =SUM(C42:L42) -> 1 | N42: BARD
A43: MPI | B43: LLaMA | I43: 8 | M43: =SUM(C43:L43) -> 8 | N43: LLaMA
A44: MPI | B44: BART | I44: 5 | M44: =SUM(C44:L44) -> 5 | N44: BART
A45: MPI | B45: RoBERTa | I45: 9 | M45: =SUM(C45:L45) -> 9 | N45: RoBERTa
A46: MR | B46: GPT | C46: 10 | D46: 12 | E46: 13 | F46: 11 | G46: 14 | H46: 10 | J46: 10 | K46: 14 | L46: 9 | M46: =SUM(C46:L46) -> 103 | N46: GPT
A47: MR | B47: Claude | C47: 3 | E47: 4 | J47: 9 | M47: =SUM(C47:L47) -> 16 | N47: Claude
A48: MR | B48: Gemini | D48: 8 | F48: 10 | M48: =SUM(C48:L48) -> 18 | N48: Gemini
A49: MR | B49: Perplexity | D49: 1 | E49: 1 | M49: =SUM(C49:L49) -> 2 | N49: Perplexity
A50: MR | B50: Mistral | F50: 10 | M50: =SUM(C50:L50) -> 10 | N50: Mistral
A51: MR | B51: LLaMA | I51: 10 | M51: =SUM(C51:L51) -> 10 | N51: LLaMA
A52: MR | B52: BERT | I52: 2 | M52: =SUM(C52:L52) -> 2 | N52: BERT
A53: MR | B53: T5 | I53: 6 | M53: =SUM(C53:L53) -> 6 | N53: T5
A54: MR | B54: BART | I54: 2 | M54: =SUM(C54:L54) -> 2 | N54: BART
A55: OOP | B55: GPT | C55: 10 | D55: 13 | E55: 19 | F55: 14 | G55: 12 | H55: 20 | J55: 20 | K55: 17 | L55: 0 | M55: =SUM(C55:L55) -> 125 | N55: GPT
A56: OOP | B56: Gemini | C56: 4 | D56: 10 | F56: 10 | M56: =SUM(C56:L56) -> 24 | N56: Gemini
A57: OOP | B57: Claude | C57: 9 | E57: 1 | M57: =SUM(C57:L57) -> 10 | N57: Claude
A58: OOP | B58: Mistral | F58: 10 | M58: =SUM(C58:L58) -> 10 | N58: Mistral
A59: OOP | B59: BERT | I59: 1 | M59: =SUM(C59:L59) -> 1 | N59: BERT
A60: OOP | B60: RoBERTa | I60: 3 | M60: =SUM(C60:L60) -> 3 | N60: RoBERTa
A61: OOP | B61: T5 | I61: 7 | M61: =SUM(C61:L61) -> 7 | N61: T5
A62: OOP | B62: LongFormer | I62: 4 | M62: =SUM(C62:L62) -> 4 | N62: LongFormer
A63: OOP | B63: BART | I63: 5 | M63: =SUM(C63:L63) -> 5 | N63: BART
A64: PI | B64: GPT | C64: 10 | D64: 11 | E64: 12 | F64: 8 | G64: 12 | H64: 10 | J64: 20 | K64: 14 | L64: 20 | M64: =SUM(C64:L64) -> 117 | N64: GPT
A65: PI | B65: Claude | C65: 6 | D65: 2 | E65: 4 | F65: 8 | K65: 2 | M65: =SUM(C65:L65) -> 22 | N65: Claude
A66: PI | B66: Gemini | C66: 2 | D66: 4 | F66: 8 | M66: =SUM(C66:L66) -> 14 | N66: Gemini
A67: PI | B67: LLaMA | I67: 4 | M67: =SUM(C67:L67) -> 4 | N67: LLaMA
A68: PI | B68: BERT | I68: 2 | M68: =SUM(C68:L68) -> 2 | N68: BERT
A69: PI | B69: BART | I69: 7 | M69: =SUM(C69:L69) -> 7 | N69: BART
A70: PI | B70: RoBERTa | I70: 3 | M70: =SUM(C70:L70) -> 3 | N70: RoBERTa
A71: PI | B71: T5 | I71: 1 | M71: =SUM(C71:L71) -> 1 | N71: T5
A72: RM | B72: GPT | C72: 10 | D72: 11 | E72: 15 | F72: 10 | G72: 9 | H72: 10 | J72: 19 | K72: 10 | L72: 0 | M72: =SUM(C72:L72) -> 94 | N72: GPT
A73: RM | B73: Gemini | D73: 10 | G73: 1 | M73: =SUM(C73:L73) -> 11 | N73: Gemini
A74: RM | B74: Claude | E74: 8 | F74: 10 | G74: 1 | J74: 1 | K74: 4 | M74: =SUM(C74:L74) -> 24 | N74: Claude
A75: RM | B75: LLaMA | I75: 10 | M75: =SUM(C75:L75) -> 10 | N75: LLaMA
A76: RM | B76: LongFormer | I76: 1 | M76: =SUM(C76:L76) -> 1 | N76: LongFormer
A77: RM | B77: BERT | I77: 1 | M77: =SUM(C77:L77) -> 1 | N77: BERT
A78: RM | B78: T5 | I78: 5 | M78: =SUM(C78:L78) -> 5 | N78: T5
A79: RM | B79: BART | I79: 3 | M79: =SUM(C79:L79) -> 3 | N79: BART
A80: RM | B80: QWEN | K80: 1 | M80: =SUM(C80:L80) -> 1 | N80: QWEN
A81: RM | B81: PaLM | K81: 1 | M81: =SUM(C81:L81) -> 1 | N81: PaLM
A82: RM | B82: LLaMA | K82: 5 | M82: =SUM(C82:L82) -> 5 | N82: LLaMA
A83: SA | B83: GPT | C83: 16 | D83: 14 | E83: 14 | F83: 8 | G83: 11 | H83: 20 | J83: 20 | K83: 10 | L83: 0 | M83: =SUM(C83:L83) -> 113 | N83: GPT
A84: SA | B84: Claude | E84: 2 | F84: 8 | M84: =SUM(C84:L84) -> 10 | N84: Claude
A85: SA | B85: Gemini | D85: 8 | F85: 8 | M85: =SUM(C85:L85) -> 16 | N85: Gemini
A86: SA | B86: LLaMA | I86: 10 | M86: =SUM(C86:L86) -> 10 | N86: LLaMA
A87: SA | B87: T5 | I87: 10 | M87: =SUM(C87:L87) -> 10 | N87: T5
M88: =SUM(M2:M87) -> 1783
A92: 151 | B92: GPT | C92: 11 | D92: Gemini | E92: 15 | F92: Claude | G92: 17 | H92: LLaMA | I92: 1 | J92: GitHub Copilot | K92: 4 | L92: BART | M92: 2 | N92: BERT | O92: 3 | P92: BLOOM | Q92: 1 | R92: Grammerly | S92: 10 | T92: Grok | U92: 3 | V92: BARD | W92: 1 | X92: LongFormer | Y92: 10 | Z92: Mistral | AA92: 1 | AB92: PaLM | AC92: 1 | AD92: Perplexity | AE92: 1 | AF92: QWEN | AG92: 10 | AH92: RoBERTa | AI92: 1 | AJ92: SGE | AK92: 5 | AL92: T5
A93: 96 | B93: GPT | C93: 13 | D93: Gemini | E93: 24 | F93: Claude | G93: 9 | H93: LLaMA | I93: 1 | J93: GitHub Copilot | K93: 5 | L93: BART | M93: 10 | N93: BERT | O93: 8 | P93: BLOOM | U93: 1 | V93: BARD | W93: 4 | X93: LongFormer | Y93: 10 | Z93: Mistral | AA93: 1 | AB93: PaLM | AC93: 2 | AD93: Perplexity | AG93: 2 | AH93: RoBERTa | AK93: 1 | AL93: T5
A94: 98 | B94: GPT | C94: 29 | D94: Gemini | E94: 25 | F94: Claude | G94: 12 | H94: LLaMA | I94: 1 | J94: GitHub Copilot | K94: 2 | L94: BART | M94: 2 | N94: BERT | W94: 1 | X94: LongFormer | Y94: 9 | Z94: Mistral | AG94: 9 | AH94: RoBERTa | AK94: 6 | AL94: T5
A95: 114 | B95: GPT | C95: 16 | D95: Gemini | E95: 23 | F95: Claude | G95: 17 | H95: LLaMA | K95: 5 | L95: BART | M95: 2 | N95: BERT | AG95: 3 | AH95: RoBERTa | AK95: 7 | AL95: T5
A96: 109 | B96: GPT | C96: 28 | D96: Gemini | E96: 33 | F96: Claude | G96: 8 | H96: LLaMA | K96: 7 | L96: BART | M96: 1 | N96: BERT | AG96: 3 | AH96: RoBERTa | AK96: 1 | AL96: T5
A97: 103 | B97: GPT | C97: 18 | D97: Gemini | E97: 16 | F97: Claude | G97: 10 | H97: LLaMA | K97: 3 | L97: BART | M97: 2 | N97: BERT | AK97: 5 | AL97: T5
A98: 125 | B98: GPT | C98: 24 | D98: Gemini | E98: 10 | F98: Claude | G98: 4 | H98: LLaMA | M98: 1 | N98: BERT | AK98: 10 | AL98: T5
A99: 117 | B99: GPT | C99: 14 | D99: Gemini | E99: 22 | F99: Claude | G99: 10 | H99: LLaMA
A100: 94 | B100: GPT | C100: 11 | D100: Gemini | E100: 24 | F100: Claude | G100: 5 | H100: LLaMA
A101: 113 | B101: GPT | C101: 16 | D101: Gemini | E101: 10 | F101: Claude | G101: 10 | H101: LLaMA
A102: =SUM(A92:A101) -> 1120 | C102: =SUM(C92:C101) -> 180 | E102: =SUM(E92:E101) -> 202 | G102: =SUM(G92:G101) -> 102 | I102: =SUM(I92:I101) -> 3 | K102: =SUM(K92:K101) -> 26 | M102: =SUM(M92:M101) -> 20 | O102: =SUM(O92:O101) -> 11 | Q102: =SUM(Q92:Q101) -> 1 | S102: =SUM(S92:S101) -> 10 | U102: =SUM(U92:U101) -> 4 | W102: =SUM(W92:W101) -> 6 | Y102: =SUM(Y92:Y101) -> 29 | AA102: =SUM(AA92:AA101) -> 2 | AC102: =SUM(AC92:AC101) -> 3 | AE102: =SUM(AE92:AE101) -> 1 | AG102: =SUM(AG92:AG101) -> 27 | AI102: =SUM(AI92:AI101) -> 1 | AK102: =SUM(AK92:AK101) -> 35
D105: Total | E105: Average
...

Sheet RQ3- AI identifier
A1: Sl no | B1: Identifier (RAW from the document of BS) | C1: Identifier (Sorted A-->Z) | E1: Category (Identifier categorized) | F1: Total Count | G1: RANK | J1: The data in this sheet was manually extracted from Task-1 (Bubble Sort – BS). First Prompt: We gave one prompt to ten generative models. Each of the ten models produced a response, so we had 10 responses in total. Second Prompt: We then took each of those 10 responses from the first prompt and asked them again to the same ten models, with the instruction to detect whether the content was AI-generated or not, and to explain the reasons for their judgment. This produced 10 × 10 = 100 responses in total. Identifiers: From these 100 detection responses, we extracted the identifiers (the reasons or clues) that the models used to label the text as AI-generated. Those identifiers are what you see listed in this sheet.
A2: 1 | B2: Structure and clarity | C2: Absence of Citation/Source Attribution | E2: Structure, Clarity and Organization | F2: 47 | G2: 1
A3: 2 | B3: Length and scope | C3: Absence of Personalization/Stylistic Irregularities | E3: Language, Style and Tone | F3: 32 | G3: 2
A4: 3 | B4: Terminology and tone | C4: Adherence to the Prompt | E4: Content Accuracy and Explanation | F4: 25 | G4: 3
A5: 4 | B5: No typos or informal phrases | C5: AI-Specific Clues | E5: Technical Accuracy | F5: 16 | G5: 4
A6: 5 | B6: Perfect Structure and Formatting | C6: AI-Specific Clues | E6: AI-Specific Clues | F6: 10 | G6: 5
A7: 6 | B7: Adherence to the Prompt | C7: AI-Specific Clues | E7: Prompt Adherence and Context | F7: 10 | G7: 6
A8: 7 | B8: Standard and Generic Content | C8: AI-Specific Clues | E8: Stylistic Indicators | F8: 10 | G8: 7
A9: 8 | B9: Impersonal and Optimized Tone | C9: AI-Specific Clues | E9: Educational Tone | F9: 9 | G9: 8
A10: 9 | B10: Structure and Formatting | C10: AI-Specific Clues | E10: Consistency and Detail | F10: 9 | G10: 9
A11: 10 | B11: Writing Style | C11: AI-Specific Clues | E11: Language Patterns | F11: 7 | G11: 10
A12: 11 | B12: Content Characteristics | C12: AI-Specific Clues | E12: Technical Presentation | F12: 6
A13: 12 | B13: Language Patterns | C13: AI-Specific Clues | E13: Step-by-Step Explanation | F13: 5
A14: 13 | B14: Structure and Clarity | C14: AI-Specific Clues | E14: Repetition of Key Concepts | F14: 5
A15: 14 | B15: Consistency and Detail | C15: AI-Typical Writing Patterns | E15: Example Walkthrough | F15: 5
A16: 15 | B16: Language and Style | C16: AI-Typical Writing Patterns | E16: Use of technical terms | F16: 5
A17: 16 | B17: Prompted Structure | C17: Algorithm context | E17: Structured and Formal Tone | F17: 5
A18: 17 | B18: Pedagogical Clarity | C18: Algorithm Explanation | E18: Use of Analogies | F18: 4
A19: 18 | B19: List Formatting & Bullets | C19: Algorithm Explanation | E19: Writing Style | F19: 4
A20: 19 | B20: Pseudocode Inclusion | C20: Algorithm Walkthrough | E20: Analogy Use | F20: 4
A21: 20 | B21: Exemplar Walkthrough | C21: Algorithmic Accuracy and Detail | E21: Formulaic Structure | F21: 3 | J21: 10 Strong identifiers as per me | K21: Identifiers
A22: 21 | B22: "Key Points" and "Why Learn It?" Segments | C22: Algorithmic and Technical Details | E22: Generic and formulaic style | F22: 3 | J22: 1 | K22: Prompt Adherence
A23: 22 | B23: Structure and Clarity | C23: Analogy | E23: Human Indicators | F23: 3 | J23: 2 | K23: Bullet Points & Numbering
A24: 23 | B24: Technical Accuracy | C24: Analogy Use | E24: Formatting | F24: 2 | J24: 3 | K24: Structure, Clarity and Organization
A25: 24 | B25: Tone and Style | C25: Analogy Use | E25: Tone and Structure | F25: 2 | J25: 4 | K25: Language style, tone and pattern
A26: 25 | B26: Repetition of Key Concepts | C26: Analogy Use | E26: Example Formatting Oddities | F26: 2 | J26: 5 | K26: Accuracy (Technical and content)
A27: 26 | B27: Structure and organization | C27: Analogy Use | E27: Human-Like Traits | F27: 2 | J27: 6 | K27: Consistency and Detail
A28: 27 | B28: Language and tone | C28: Anticipatory Educational Content | E28: Incomplete Example | F28: 2 | J28: 7 | K28: Educational Tone
A29: 28 | B29: Content and explanations | C29: Anticipatory Explanations | E29: Technical Correctness | F29: 2 | J29: 8 | K29: AI-Specific Clues | L29: Why Learn It | M29: Key Insights | N29: Takeaways
A30: 29 | B30: Use of transitional phrases: | C30: Apparent Use of Multiple Sources | E30: Overly Detailed Example | F30: 2 | J30: 9 | K30: Flawless Grammar and Fluidity
A31: 30 | B31: Structured and formulaic presentation | C31: Bullet Points & Numbering | D31: 1 | E31: Technical Summary | F31: 2 | J31: 10 | K31: Pedagogical Clarity
A32: 31 | B32: Neutral tone and lack of personal flair | C32: Bullet points and summary-style paragraphs | D32: 2 | E32: Terminology | F32: 2
A33: 32 | B33: Generic pseudocode | C33: Bullet/Number Format | D33: 3 | E33: Optimization Mention | F33: 2
A34: 33 | B34: Structure and Clarity | C34: Canonical Example | E34: Tone and Language | F34: 2
A35: 34 | B35: Content Accuracy | C35: Canonical Example and Phrasing | E35: Formatting irregularity | F35: 2
A36: 35 | B36: Stylistic Indicators | C36: Citation Behavior | E36: Minor AI-Generated Clues | F36: 2
A37: 36 | B37: Prompt Adherence | C37: Citation style | E37: Mechanical Writing Style | F37: 2
A38: 37 | B38: AI-Specific Clues | C38: Citing generic sources like wikipedia.com, youtube.com etc | E38: Code-like Thinking Without Code | F38: 2
A39: 38 | B39: Structure and Style | C39: Clarity & Flow | E39: AI-Typical Writing Patterns | F39: 2
A40: 39 | B40: Content Predictability | C40: Clarity and Structure | E40: Code Example | F40: 2
A41: 40 | B41: Lack of Personal Style or Errors | C41: Clarity and textbook-style explanation | E41: Use of analogies and metaphors | F41: 2
A42: 41 | B42: Clarity and Structure | C42: Classic Example | E42: Numbered/sectioned instruction steps | F42: 1
A43: 42 | B43: Natural Language Use | C43: Clear, ordered breakdown | E43: Anticipatory Educational Content | F43: 1
A44: 43 | B44: Contextual Depth | C44: Code & Math Usage | E44: References and Citations | F44: 1
A45: 44 | B45: Source Listing | C45: Code Example | E45: No Personalization | F45: 1
... A58: 57 | B58: Language and Style | C58: Concluding Summary | E58: Sectioned Approach | F58: 1
A59: 58 | B59: References and Citations | C59: Consistency & Accuracy | D59: 1 | E59: Neutral, Impersonal, and Didactic | F59: 1
A60: 59 | B60: Consistency and Detai | C60: Consistency and Detai | D60: 2 | E60: Sentence Flow | F60: 1
A61: 60 | B61: Structured Pedagogical Style | C61: Consistency and Detail | D61: 3 | E61: Neutral, Impersonal Tone | F61: 1
A62: 61 | B62: Consistent Formatting | C62: Consistency and Detail | D62: 4 | E62: Short Answer | F62: 1
A63: 62 | B63: Technical Completeness | C63: Consistency and Detail | D63: 5 | E63: Redundancy Pattern | F63: 1
A64: 63 | B64: Absence of Personalization/Stylistic Irregularities | C64: Consistency and Detail | D64: 6 | E64: Python Code Block | F64: 1
A65: 64 | B65: Apparent Use of Multiple Sources | C65: Consistency and Detail | D65: 7 | E65: Redundancy and Repetition | F65: 1
A66: 65 | B66: Structure and Clarity | C66: Consistency and Detail | D66: 8 | E66: Raw Source List | F66: 1
A67: 66 | B67: Technical Accuracy | C67: Consistency and Detail | D67: 9 | E67: No typos or informal phrases | F67: 1
A68: 67 | B68: Sources and Citations | C68: Consistency and Detail | D68: 10 | E68: Optimization Mentioned | F68: 1
A69: 68 | B69: Tone and Style | C69: Consistency and Detail | D69: 11 | E69: Optimized and Impersonal Language | F69: 1
A70: 69 | B70: Repetition of Key Concepts | C70: Consistent Formatting | E70: Pedagogical and Methodical Structure | F70: 1
A71: 70 | B71: Structure and organization | C71: Consistent, Neutral Tone and Style | E71: Pedagogical Flow | F71: 1
A72: 71 | B72: Language and tone | C72: Content Accuracy | D72: 1 | E72: Percentage of AI Generation | F72: 1
A73: 72 | B73: Content and explanations | C73: Content Accuracy | D73: 2 | E73: Perfect Grammar and Fluency | F73: 1
A74: 73 | B74: Use of transitional phrases | C74: Content Accuracy | D74: 3 | E74: Perfect Structure and Formatting | F74: 1
A75: 74 | B75: Citation style | C75: Content Accuracy | D75: 4 | E75: Perfectly Balanced Tone | F75: 1
A76: 75 | B76: Structure and Organization | C76: Content Accuracy | D76: 5 | E76: Perfectly Structured and Executed Example | F76: 1
A77: 76 | B77: Content Accuracy | C77: Content Accuracy | D77: 6 | E77: Slightly Awkward Phrasing in Example | F77: 1
A78: 77 | B78: Stylistic Indicators | C78: Content Accuracy | D78: 7 | E78: Personal Voice or Style | F78: 1
A79: 78 | B79: Prompt Adherence and Context | C79: Content Accuracy | D79: 8 | E79: Predictable and Formulaic Structure | F79: 1
A80: 79 | B80: AI-Specific Clues | C80: Content Accuracy | D80: 9 | E80: Predictable structure | F80: 1
A81: 80 | B81: Human Indicators (e.g., “in my class, we…”), | C81: Content Accuracy | D81: 10 | E81: Anticipatory Explanations | F81: 1
A82: 81 | B82: Structure and Formatting | C82: Content and explanations | D82: 1 | E82: Prompted Structure | F82: 1
A83: 82 | B83: Content Predictability and Style | C83: Content and explanations | D83: 2 | E83: Pseudocode Inclusion | F83: 1
... A91: 90 | B91: Length Balance | C91: Content and explanations | D91: 10 | E91: Systematic Structure | F91: 1
A92: 91 | B92: Final Takeaway | C92: Content Characteristics | E92: Systematic, Stepwise Breakdown | F92: 1
A93: 92 | B93: Flawless Structure | C93: Content Characteristics | E93: Takeaway | F93: 1
A94: 93 | B94: Optimized and Impersonal Language | C94: Content Characteristics | E94: Takeaway and Motivation | F94: 1
A95: 94 | B95: Comprehensive and Standard Content | C95: Content Characteristics | E95: Technical Accuracy: | F95: 1
A96: 95 | B96: Structure and Clarity | C96: Content Predictability | E96: Technical Completeness & Anticipatory Clarification | F96: 1
A97: 96 | B97: Language and Style | C97: Content Predictability and Style | E97: Technical Depth and Tone: | F97: 1
A98: 97 | B98: Consistency and Detail | C98: Content Recurrence | E98: Technical Details Section | F98: 1
A99: 98 | B99: Educational Tone | C99: Content Recurrence & Minor Issues | E99: Technical Explanation | F99: 1
A100: 99 | B100: Structured, Pedagogical Format | C100: Content Structure | E100: Algorithm context | F100: 1
A101: 100 | B101: Analogy Use | C101: Content-Specific Clues | E101: Title Format | F101: 1
A102: 101 | B102: Step-by-Step Explanations | C102: Contextual Depth | E102: Structured, Pedagogical Organization | F102: 1
A103: 102 | B103: Consistent, Neutral Tone and Style | C103: Covers Optimizations | E103: Tone and Structure: | F103: 1
... A109: 108 | B109: Final “Key Insight” or Distillation | C109: Educational Framing | E109: Adherence to the Prompt | F109: 1
A110: 109 | B110: Absence of Citation/Source Attribution | C110: Educational Tone | D110: 1 | E110: Use of technical terms: | F110: 1
A111: 110 | B111: Structure and Clarity | C111: Educational Tone | D111: 2 | E111: Use of transitional phrases | F111: 1
A112: 111 | B112: Technical Accuracy | C112: Educational Tone | D112: 3 | E112: Use of transitional phrases: | F112: 1
A113: 112 | B113: Tone and Style | C113: Educational Tone | D113: 4 | E113: Word Count Compliance | F113: 1
A114: 113 | B114: Repetition of Key Concepts | C114: Educational Tone | D114: 5 | E114: Algorithm Walkthrough | F114: 1
A115: 114 | B115: Example and Performance Discussion | C115: Educational Tone | D115: 6 | E115: Structured, Pedagogical Format | F115: 1
A116: 115 | B116: Structure and organization | C116: Educational Tone | D116: 7 | E116: Sophisticated Flow | F116: 1
A117: 116 | B117: Language and tone | C117: Educational Tone: | D117: 8 | E117: Step-by-step illustration | F117: 1
A118: 117 | B118: Content and explanations | C118: Error/Glitch | E118: Source Listing | F118: 1
A119: 118 | B119: Use of analogies and metaphors | C119: Error-free and neutral | E119: Sources and Citations | F119: 1
A120: 119 | B120: Structure and Organization | C120: Error-free grammar and completeness | E120: Standard analogies and structure | F120: 1
A121: 120 | B121: Content Accuracy | C121: Example | E121: Neutral tone and lack of personal flair | F121: 1
A122: 121 | B122: Stylistic Indicators | C122: Example and Code Integration | E122: Standard and Generic Content | F122: 1
A123: 122 | B123: Prompt Adherence and Context | C123: Example and Performance Discussion | E123: Standard structure and terminology | F123: 1
A124: 123 | B124: AI-Specific Clues | C124: Example Formatting Oddities | E124: Standardized Explanation | F124: 1
...

Sheet RQ-1-D
A1: BS | B1: ChatGPT | C1: Gemini 2.5 Pro | D1: Claude | E1: Mistral | F1: Perplexity | G1: DeepSeek | H1: Llama | I1: Grok | J1: Qwen | K1: Falcon | M1: CLA | N1: ChatGPT | O1: Gemini 2.5 Pro | P1: Claude | Q1: Mistral | R1: Perplexity | S1: DeepSeek | T1: Llama | U1: Grok | V1: Qwen | W1: Falcon | Y1: FSM | Z1: ChatGPT | AA1: Gemini 2.5 Pro | AB1: Claude | AC1: Mistral | AD1: Perplexity | AE1: DeepSeek | AF1: Llama | AG1: Grok | AH1: Qwen | AI1: Falcon | AK1: I2C | AL1: ChatGPT | AM1: Gemini 2.5 Pro | AN1: Claude | AO1: Mistral | AP1: Perplexity | AQ1: DeepSeek | AR1: Llama | AS1: Grok | AT1: Qwen | AU1: Falcon | AW1: MPI | AX1: ChatGPT | AY1: Gemini 2.5 Pro | AZ1: Claude | BA1: Mistral | BB1: Perplexity | BC1: DeepSeek | BD1: Llama | BE1: Grok | BF1: Qwen | BG1: Falcon
A2: ChatGPT-4o | B2: 0.3333 | M2: ChatGPT-4o | N2: 0.33 | Y2: ChatGPT-4o | Z2: 1 | AK2: ChatGPT-4o | AL2: 0.3333 | AW2: ChatGPT-4o | AX2: 1
A3: Gemini 2.5 Pro | C3: 0.5 | M3: Gemini 2.5 Pro | O3: 0.5 | Y3: Gemini 2.5 Pro | AA3: 0.5 | AK3: Gemini 2.5 Pro | AM3: 0 | AW3: Gemini 2.5 Pro | AY3: 0.5
A4: Claude Sonnet 4 | D4: 0 | M4: Claude Sonnet 4 | P4: 0.5 | Y4: Claude Sonnet 4 | AB4: 0.33 | AK4: Claude Sonnet 4 | AN4: 0.5 | AW4: Claude Sonnet 4 | AZ4: 0
A5: Mistral Le Chat | E5: 0 | M5: Mistral Le Chat | Q5: 0 | Y5: Mistral Le Chat | AC5: 1 | AK5: Mistral Le Chat | AO5: 0 | AW5: Mistral Le Chat | BA5: 0
A6: Perplexity | F6: 0 | M6: Perplexity | R6: 0 | Y6: Perplexity | AD6: 0 | AK6: Perplexity | AP6: 0 | AW6: Perplexity | BB6: 0
A7: DeepSeek V3 | G7: 0 | M7: DeepSeek V3 | S7: 0 | Y7: DeepSeek V3 | AE7: 0 | AK7: DeepSeek V3 | AQ7: 0 | AW7: DeepSeek V3 | BC7: 0
A8: Llama-4-Scout-nitro | H8: 0.5 | M8: Llama-4-Scout-nitro | T8: 0 | Y8: Llama-4-Scout-nitro | AF8: 0 | AK8: Llama-4-Scout-nitro | AR8: 0.5 | AW8: Llama-4-Scout-nitro | BD8: 0.5
A9: Grok-3 | I9: 0.5 | M9: Grok-3 | U9: 0 | Y9: Grok-3 | AG9: 0 | AK9: Grok-3 | AS9: 0 | AW9: Grok-3 | BE9: 0
A10: Qwen3-235b-a22b | J10: 0 | M10: Qwen3-235b-a22b | V10: 0 | Y10: Qwen3-235b-a22b | AH10: 0 | AK10: Qwen3-235b-a22b | AT10: 0 | AW10: Qwen3-235b-a22b | BF10: 0
A11: Falcon-H1-3B-Instruct | K11: 0 | M11: Falcon-H1-3B-Instruct | W11: 0 | Y11: Falcon-H1-3B-Instruct | AI11: 0 | AK11: Falcon-H1-3B-Instruct | AU11: 0 | AW11: Falcon-H1-3B-Instruct | BG11: 0
A16: MR | B16: ChatGPT | C16: Gemini 2.5 Pro | D16: Claude | E16: Mistral | F16: Perplexity | G16: DeepSeek | H16: Llama | I16: Grok | J16: Qwen | K16: Falcon | M16: OOP | N16: ChatGPT | O16: Gemini 2.5 Pro | P16: Claude | Q16: Mistral | R16: Perplexity | S16: DeepSeek | T16: Llama | U16: Grok | V16: Qwen | W16: Falcon | Y16: PI | Z16: ChatGPT | AA16: Gemini 2.5 Pro | AB16: Claude | AC16: Mistral | AD16: Perplexity | AE16: DeepSeek | AF16: Llama | AG16: Grok | AH16: Qwen | AI16: Falcon | AK16: RM | AL16: ChatGPT | AM16: Gemini 2.5 Pro | AN16: Claude | AO16: Mistral | AP16: Perplexity | AQ16: DeepSeek | AR16: Llama | AS16: Grok | AT16: Qwen | AU16: Falcon | AW16: SA | AX16: ChatGPT | AY16: Gemini 2.5 Pro | AZ16: Claude | BA16: Mistral | BB16: Perplexity | BC16: DeepSeek | BD16: Llama | BE16: Grok | BF16: Qwen | BG16: Falcon
A17: ChatGPT-4o | B17: 0.5 | M17: ChatGPT-4o | N17: 1 | Y17: ChatGPT-4o | Z17: 1 | AK17: ChatGPT-4o | AL17: 1 | AW17: ChatGPT-4o | AX17: 1
A18: Gemini 2.5 Pro | C18: 0 | M18: Gemini 2.5 Pro | O18: 0.5 | Y18: Gemini 2.5 Pro | AA18: 0.5 | AK18: Gemini 2.5 Pro | AM18: 0.5 | AW18: Gemini 2.5 Pro | AY18: 0.5
A19: Claude Sonnet 4 | D19: 0.5 | M19: Claude Sonnet 4 | P19: 0 | Y19: Claude Sonnet 4 | AB19: 0.5 | AK19: Claude Sonnet 4 | AN19: 0.5 | AW19: Claude Sonnet 4 | AZ19: 0.5
A20: Mistral Le Chat | E20: 0.3333 | M20: Mistral Le Chat | Q20: 0.3333 | Y20: Mistral Le Chat | AC20: 0 | AK20: Mistral Le Chat | AO20: 0 | AW20: Mistral Le Chat | BA20: 0
A21: Perplexity | F21: 0 | M21: Perplexity | R21: 0 | Y21: Perplexity | AD21: 0 | AK21: Perplexity | AP21: 0 | AW21: Perplexity | BB21: 0
A22: DeepSeek V3 | G22: 0 | M22: DeepSeek V3 | S22: 0 | Y22: DeepSeek V3 | AE22: 0 | AK22: DeepSeek V3 | AQ22: 0 | AW22: DeepSeek V3 | BC22: 0
A23: Llama-4-Scout-nitro | H23: 0.5 | M23: Llama-4-Scout-nitro | T23: 0 | Y23: Llama-4-Scout-nitro | AF23: 0 | AK23: Llama-4-Scout-nitro | AR23: 0.5 | AW23: Llama-4-Scout-nitro | BD23: 0.5
A24: Grok-3 | I24: 0 | M24: Grok-3 | U24: 0 | Y24: Grok-3 | AG24: 0 | AK24: Grok-3 | AS24: 0 | AW24: Grok-3 | BE24: 0
A25: Qwen3-235b-a22b | J25: 0 | M25: Qwen3-235b-a22b | V25: 0 | Y25: Qwen3-235b-a22b | AH25: 0 | AK25: Qwen3-235b-a22b | AT25: 0 | AW25: Qwen3-235b-a22b | BF25: 0
A26: Falcon-H1-3B-Instruct | K26: 0 | M26: Falcon-H1-3B-Instruct | W26: 0 | Y26: Falcon-H1-3B-Instruct | AI26: 0 | AK26: Falcon-H1-3B-Instruct | AU26: 0 | AW26: Falcon-H1-3B-Instruct | BG26: 0
A30: Average | B30: %
A31: ChatGPT-4o | B31: =AVERAGE(B2,N2,Z2,AL2,AX2,B17,N17,Z17,AL17,AX17) -> 0.74966
A32: Gemini 2.5 Pro | B32: =AVERAGE(C3,O3,AA3,AM3,AY3,C18,O18,AA18,AM18,AY18) -> 0.4
A33: Claude Sonnet 4 | B33: =AVERAGE(D4,P4,AB4,AN4,AZ4,AZ19,AN19,AB19,P19,D19) -> 0.333
A34: Mistral Le Chat | B34: =AVERAGE(E5,Q5,AO5,BA5,AC5,E20,Q20,AC20,AO20,BA20) -> 0.16666 | G34: This is to answer the question "How confident the models are about their own generated texts?"
A35: Perplexity | B35: =AVERAGE(F6,R6,AD6,AP6,BB6,BB21,AP21,AD21,R21,F21) -> 0
A36: DeepSeek V3 | B36: =AVERAGE(BC22) -> 0
A37: Llama-4-Scout-nitro | B37: =AVERAGE(H8,T8,AF8,AR8,BD8,BD23,AR23,AF23,T23,H23) -> 0.3
A38: Grok-3 | B38: =AVERAGE(I9,U9,AG9,AS9,BE9,BE24,AS24,AG24,U24,I24) -> 0.05
A39: Qwen3-235b-a22b | B39: =AVERAGE(J10,V10,AH10,AT10,BF10,BF25,AT25,AH25,V25,J25) -> 0
A40: Falcon-H1-3B-Instruct | B40: =AVERAGE(K11,W11,AI11,K26,W26,AI26,AU11,AU26,BG11,BG26) -> 0
A42: Sorted
A43: Perplexity | B43: 0
A44: DeepSeek V3 | B44: 0
A45: Qwen3-235b-a22b | B45: 0
A46: Falcon-H1-3B-Instruct | B46: 0
A47: Grok-3 | B47: 0.05
A48: Mistral Le Chat | B48: 0.16666
A49: Llama-4-Scout-CS | B49: 0.3
A50: Claude Sonnet 4 | B50: 0.333
A51: Gemini 2.5 Pro | B51: 0.4
A52: ChatGPT-4o | B52: 0.74966
